"","latnum","longnum","town"
"1","","","https://en.wikipedia.org/wiki/L%27Ancresse"
"2","49.1969444444444","-2.19666666666667","https://en.wikipedia.org/wiki/Saint_Brelade"
"3","53.2469444444444","-1.66694444444444","https://en.wikipedia.org/wiki/Hassop"
"4","52.9266666666667","-1.21555555555556","https://en.wikipedia.org/wiki/Beeston,_Nottinghamshire"
"5","","","https://en.wikipedia.orgNA"
"6","53.0230555555556","-1.17861111111111","https://en.wikipedia.org/wiki/Bestwood_Village"
"7","52.9738888888889","-0.0213888888888889","https://en.wikipedia.org/wiki/Boston,_Lincolnshire"
"8","","","https://en.wikipedia.orgNA"
"9","53.125","-1.30111111111111","https://en.wikipedia.org/wiki/Huthwaite"
"10","52.9030555555556","-1.1775","https://en.wikipedia.org/wiki/Clifton,_Nottingham"
"11","53.3041666666667","-1.12444444444444","https://en.wikipedia.org/wiki/Worksop"
"12","52.9558333333333","-1.09194444444444","https://en.wikipedia.org/wiki/Colwick"
"13","52.7361111111111","-1.535","https://en.wikipedia.org/wiki/Moira,_Leicestershire"
"14","52.4913888888889","-0.696388888888889","https://en.wikipedia.org/wiki/Corby"
"15","52.2666666666667","-1.16666666666667","https://en.wikipedia.org/wiki/Daventry"
"16","52.7705555555556","-1.20472222222222","https://en.wikipedia.org/wiki/Loughborough"
"17","52.95","-1.15","https://en.wikipedia.org/wiki/Nottingham"
"18","53.4016666666667","-0.773333333333333","https://en.wikipedia.org/wiki/Gainsborough,_Lincolnshire"
"19","52.9758333333333","-1.07944444444444","https://en.wikipedia.org/wiki/Gedling"
"20","53.4430555555556","-1.94888888888889","https://en.wikipedia.org/wiki/Glossop"
"21","52.3930555555556","-0.723055555555556","https://en.wikipedia.org/wiki/Kettering"
"22","52.6333333333333","-1.13333333333333","https://en.wikipedia.org/wiki/Leicester"
"23","53.2327777777778","-0.537777777777778","https://en.wikipedia.org/wiki/Lincoln,_England"
"24","52.8980555555556","-1.27083333333333","https://en.wikipedia.org/wiki/Long_Eaton"
"25","53.15","-1.2","https://en.wikipedia.org/wiki/Mansfield"
"26","52.925","-1.49194444444444","https://en.wikipedia.org/wiki/Markeaton"
"27","52.4775","-0.920555555555556","https://en.wikipedia.org/wiki/Market_Harborough"
"28","53.3872222222222","-0.335555555555556","https://en.wikipedia.org/wiki/Market_Rasen"
"29","52.7661111111111","-0.886111111111111","https://en.wikipedia.org/wiki/Melton_Mowbray"
"30","53.0761111111111","-0.809166666666667","https://en.wikipedia.org/wiki/Newark,_Nottinghamshire"
"31","52.2302777777778","-0.893888888888889","https://en.wikipedia.org/wiki/Northampton"
"32","53.2580555555556","-1.34","https://en.wikipedia.org/wiki/Poolsbrook"
"33","52.7480555555556","-1.64194444444444","https://en.wikipedia.org/wiki/Rosliston"
"34","52.8925","-1.14944444444444","https://en.wikipedia.org/wiki/Ruddington"
"35","52.6666666666667","-0.666666666666667","https://en.wikipedia.org/wiki/Rutland_Water"
"36","53.15","-1.2","https://en.wikipedia.org/wiki/Mansfield"
"37","53.0136111111111","-1.35388888888889","https://en.wikipedia.org/wiki/Heanor"
"38","52.2352777777778","-0.951944444444444","https://en.wikipedia.org/wiki/Upton,_Northamptonshire"
"39","52.1333333333333","-0.983333333333333","https://en.wikipedia.org/wiki/Towcester,_Northamptonshire"
"40","51.6333333333333","-0.3","https://en.wikipedia.org/wiki/Elstree"
"41","51.7588888888889","-0.015","https://en.wikipedia.org/wiki/Hoddesdon"
"42","51.5761111111111","0.488611111111111","https://en.wikipedia.org/wiki/Basildon"
"43","52.135","-0.47","https://en.wikipedia.org/wiki/Bedford"
"44","51.6280555555556","0.418333333333333","https://en.wikipedia.org/wiki/Billericay"
"45","52.8097222222222","1.23138888888889","https://en.wikipedia.org/wiki/Blickling"
"46","","","https://en.wikipedia.orgNA"
"47","51.6202777777778","0.305","https://en.wikipedia.org/wiki/Brentwood,_Essex"
"48","52.6244444444444","1.43361111111111","https://en.wikipedia.org/wiki/Brundall"
"49","51.6283333333333","0.814444444444445","https://en.wikipedia.org/wiki/Burnham-on-Crouch"
"50","52.215","0.733055555555556","https://en.wikipedia.org/wiki/Nowton"
"51","","","https://en.wikipedia.orgNA"
"52","51.655","-0.23","https://en.wikipedia.org/wiki/Watford"
"53","51.8719444444444","0.1725","https://en.wikipedia.org/wiki/Bishop%27s_Stortford"
"54","52.6","1.3","https://en.wikipedia.org/wiki/Norwich"
"55","51.7361111111111","0.479722222222222","https://en.wikipedia.org/wiki/Chelmsford"
"56","51.7916666666667","1.14583333333333","https://en.wikipedia.org/wiki/Clacton-on-Sea"
"57","","","https://en.wikipedia.orgNA"
"58","52.205","0.118888888888889","https://en.wikipedia.org/wiki/Cambridge"
"59","51.8916666666667","0.903055555555556","https://en.wikipedia.org/wiki/Colchester"
"60","52.6252777777778","1.22166666666667","https://en.wikipedia.org/wiki/Colney"
"61","51.8861111111111","-0.521111111111111","https://en.wikipedia.org/wiki/Dunstable"
"62","51.7619444444444","-0.228055555555556","https://en.wikipedia.org/wiki/Hatfield,_Hertfordshire"
"63","51.9638888888889","1.35138888888889","https://en.wikipedia.org/wiki/Felixstowe"
"64","","","https://en.wikipedia.orgNA"
"65","51.7525","-0.469166666666667","https://en.wikipedia.org/wiki/Hemel_Hempstead"
"66","52.5758333333333","1.72361111111111","https://en.wikipedia.org/wiki/Gorleston"
"67","52.0244444444444","0.749722222222222","https://en.wikipedia.org/wiki/Great_Cornard"
"68","52.1344444444444","-0.514722222222222","https://en.wikipedia.org/wiki/Great_Denham"
"69","51.8730555555556","0.361666666666667","https://en.wikipedia.org/wiki/Great_Dunmow"
"70","51.8594444444444","0.534166666666667","https://en.wikipedia.org/wiki/Great_Notley"
"71","51.6847222222222","0.000277777777777778","https://en.wikipedia.org/wiki/Waltham_Abbey"
"72","51.5536111111111","0.609444444444444","https://en.wikipedia.org/wiki/Hadleigh,_Essex"
"73","51.7788888888889","0.128055555555556","https://en.wikipedia.org/wiki/Harlow"
"74","51.9338888888889","1.26611111111111","https://en.wikipedia.org/wiki/Harwich"
"75","52.0833333333333","0.433333333333333","https://en.wikipedia.org/wiki/Haverhill,_Suffolk"
"76","51.6013888888889","0.636388888888889","https://en.wikipedia.org/wiki/Hockley"
"77","52.9588888888889","0.815833333333333","https://en.wikipedia.org/wiki/Holkham"
"78","51.9038888888889","-0.524722222222222","https://en.wikipedia.org/wiki/Houghton_Regis"
"79","52.3363888888889","-0.171666666666667","https://en.wikipedia.org/wiki/Huntingdon"
"80","52.0594444444444","1.15555555555556","https://en.wikipedia.org/wiki/Ipswich"
"81","51.755","-0.336111111111111","https://en.wikipedia.org/wiki/St._Albans"
"82","52.0627777777778","1.23777777777778","https://en.wikipedia.org/wiki/Kesgrave"
"83","52.7541666666667","0.3975","https://en.wikipedia.org/wiki/King%27s_Lynn"
"84","51.9780555555556","-0.23","https://en.wikipedia.org/wiki/Letchworth"
"85","52.625","1.49111111111111","https://en.wikipedia.org/wiki/Lingwood,_Norfolk"
"86","52.4580555555556","0.305","https://en.wikipedia.org/wiki/Littleport,_Cambridgeshire"
"87","52.5713888888889","0.825833333333333","https://en.wikipedia.org/wiki/Watton,_Norfolk"
"88","52.4833333333333","1.75","https://en.wikipedia.org/wiki/Lowestoft"
"89","51.8833333333333","-0.416666666666667","https://en.wikipedia.org/wiki/Luton"
"90","51.7316666666667","0.675833333333333","https://en.wikipedia.org/wiki/Maldon,_Essex"
"91","52.5511111111111","0.0880555555555556","https://en.wikipedia.org/wiki/March,_Cambridgeshire"
"92","51.7958333333333","0.94","https://en.wikipedia.org/wiki/Mersea_Island"
"93","52.5872222222222","1.22527777777778","https://en.wikipedia.org/wiki/Mulbarton,_Norfolk"
"94","52.6","1.3","https://en.wikipedia.org/wiki/Norwich"
"95","51.8061111111111","-0.193333333333333","https://en.wikipedia.org/wiki/Welwyn_Garden_City"
"96","52.2333333333333","-0.266666666666667","https://en.wikipedia.org/wiki/St._Neots"
"97","51.6383333333333","-0.465833333333333","https://en.wikipedia.org/wiki/Rickmansworth"
"98","51.6494444444444","0.0736111111111111","https://en.wikipedia.org/wiki/Loughton"
"99","52.94","1.21305555555556","https://en.wikipedia.org/wiki/Sheringham"
"100","52.2061111111111","1.57888888888889","https://en.wikipedia.org/wiki/Leiston"
"101","51.655","-0.23","https://en.wikipedia.org/wiki/Watford"
"102","51.6511111111111","0.6125","https://en.wikipedia.org/wiki/South_Woodham_Ferrers"
"103","51.5377777777778","0.713888888888889","https://en.wikipedia.org/wiki/Southend"
"104","51.755","-0.336111111111111","https://en.wikipedia.org/wiki/St_Albans"
"105","51.9","-0.2","https://en.wikipedia.org/wiki/Stevenage"
"106","52.6527777777778","0.684166666666667","https://en.wikipedia.org/wiki/Swaffham"
"107","52.4166666666667","0.733333333333333","https://en.wikipedia.org/wiki/Thetford"
"108","51.5","0.416666666666667","https://en.wikipedia.org/wiki/Thurrock"
"109","51.7961111111111","-0.659166666666667","https://en.wikipedia.org/wiki/Tring"
"110","51.8108333333333","-0.0313888888888889","https://en.wikipedia.org/wiki/Ware,_Hertfordshire"
"111","52.0472222222222","-0.0202777777777778","https://en.wikipedia.org/wiki/Royston,_Hertfordshire"
"112","51.5938888888889","-0.13","https://en.wikipedia.org/wiki/Alexandra_Palace"
"113","51.545","0.0880555555555556","https://en.wikipedia.org/wiki/Barking_Park#Events"
"114","51.415","-0.0202777777777778","https://en.wikipedia.org/wiki/Beckenham_Place_Park"
"115","51.5116666666667","0.0480555555555556","https://en.wikipedia.org/wiki/Beckton_District_Park_South"
"116","51.4430555555556","-0.448888888888889","https://en.wikipedia.org/wiki/Bedfont_Lakes_Country_Park"
"117","","","https://en.wikipedia.orgNA"
"118","51.4508333333333","-0.1075","https://en.wikipedia.org/wiki/Brockwell_Park"
"119","","","https://en.wikipedia.orgNA"
"120","51.4836111111111","-0.0819444444444444","https://en.wikipedia.org/wiki/Burgess_Park"
"121","51.415","-0.339166666666667","https://en.wikipedia.org/wiki/Bushy_Park"
"122","","","https://en.wikipedia.orgNA"
"123","","","https://en.wikipedia.orgNA"
"124","","","https://en.wikipedia.orgNA"
"125","","","https://en.wikipedia.orgNA"
"126","51.4202777777778","-0.0705555555555556","https://en.wikipedia.org/wiki/Crystal_Palace_Park"
"127","51.4458333333333","-0.0786111111111111","https://en.wikipedia.org/wiki/Dulwich_Park"
"128","51.5711111111111","-0.100833333333333","https://en.wikipedia.org/wiki/Finsbury_Park"
"129","51.4258333333333","0.127222222222222","https://en.wikipedia.org/wiki/Foots_Cray_Meadows"
"130","51.4705555555556","-0.216111111111111","https://en.wikipedia.org/wiki/Bishops_Park"
"131","","","https://en.wikipedia.orgNA"
"132","","","https://en.wikipedia.orgNA"
"133","","","https://en.wikipedia.orgNA"
"134","","","https://en.wikipedia.orgNA"
"135","","","https://en.wikipedia.orgNA"
"136","","","https://en.wikipedia.orgNA"
"137","","","https://en.wikipedia.orgNA"
"138","","","https://en.wikipedia.orgNA"
"139","","","https://en.wikipedia.orgNA"
"140","","","https://en.wikipedia.orgNA"
"141","","","https://en.wikipedia.orgNA"
"142","","","https://en.wikipedia.orgNA"
"143","","","https://en.wikipedia.orgNA"
"144","51.5261111111111","-0.0375","https://en.wikipedia.org/wiki/Mile_End_Park"
"145","","","https://en.wikipedia.orgNA"
"146","","","https://en.wikipedia.orgNA"
"147","","","https://en.wikipedia.orgNA"
"148","","","https://en.wikipedia.orgNA"
"149","","","https://en.wikipedia.orgNA"
"150","","","https://en.wikipedia.orgNA"
"151","","","https://en.wikipedia.orgNA"
"152","","","https://en.wikipedia.orgNA"
"153","","","https://en.wikipedia.orgNA"
"154","","","https://en.wikipedia.orgNA"
"155","","","https://en.wikipedia.orgNA"
"156","","","https://en.wikipedia.orgNA"
"157","","","https://en.wikipedia.orgNA"
"158","","","https://en.wikipedia.orgNA"
"159","","","https://en.wikipedia.orgNA"
"160","","","https://en.wikipedia.orgNA"
"161","","","https://en.wikipedia.orgNA"
"162","","","https://en.wikipedia.orgNA"
"163","","","https://en.wikipedia.orgNA"
"164","","","https://en.wikipedia.orgNA"
"165","54.5766666666667","-1.23555555555556","https://en.wikipedia.org/wiki/Middlesbrough"
"166","54.85","-1.83333333333333","https://en.wikipedia.org/wiki/Consett"
"167","54.5269444444444","-1.5525","https://en.wikipedia.org/wiki/Darlington"
"168","55.1630555555556","-1.67805555555556","https://en.wikipedia.org/wiki/Morpeth,_Northumberland"
"169","54.7761111111111","-1.57333333333333","https://en.wikipedia.org/wiki/Durham,_England"
"170","","","https://en.wikipedia.orgNA"
"171","54.95","-1.6","https://en.wikipedia.org/wiki/Gateshead"
"172","54.95","-1.6","https://en.wikipedia.org/wiki/Gateshead"
"173","54.6333333333333","-1.65","https://en.wikipedia.org/wiki/Shildon"
"174","54.6833333333333","-1.21666666666667","https://en.wikipedia.org/wiki/Hartlepool"
"175","55.1830555555556","-1.515","https://en.wikipedia.org/wiki/Newbiggin-by-the-Sea"
"176","","","https://en.wikipedia.orgNA"
"177","54.9611111111111","-1.84888888888889","https://en.wikipedia.org/wiki/Prudhoe#Recreation"
"178","54.6186111111111","-1.06861111111111","https://en.wikipedia.org/wiki/Redcar"
"179","","","https://en.wikipedia.orgNA"
"180","54.8594444444444","-1.57","https://en.wikipedia.org/wiki/Chester-le-Street"
"181","54.65","-1.45","https://en.wikipedia.org/wiki/Sedgefield"
"182","54.9919444444444","-1.42888888888889","https://en.wikipedia.org/wiki/South_Shields"
"183","54.5766666666667","-1.23555555555556","https://en.wikipedia.org/wiki/Middlesbrough"
"184","","","https://en.wikipedia.orgNA"
"185","54.5888888888889","-1.1875","https://en.wikipedia.org/wiki/Teesside"
"186","55.4133333333333","-1.70694444444444","https://en.wikipedia.org/wiki/Alnwick"
"187","55.0455555555556","-1.44416666666667","https://en.wikipedia.org/wiki/Whitley_Bay"
"188","54.9383333333333","-1.57083333333333","https://en.wikipedia.org/wiki/Windy_Nook#Windy_Nook_Nature_Reserve"
"189","54.1108333333333","-3.22611111111111","https://en.wikipedia.org/wiki/Barrow-In-Furness"
"190","53.3930555555556","-3.01388888888889","https://en.wikipedia.org/wiki/Birkenhead"
"191","","","https://en.wikipedia.orgNA"
"192","53.8141666666667","-3.05027777777778","https://en.wikipedia.org/wiki/Blackpool"
"193","53.5780555555556","-2.42888888888889","https://en.wikipedia.org/wiki/Bolton"
"194","53.3569444444444","-2.16388888888889","https://en.wikipedia.org/wiki/Bramhall"
"195","53.4258333333333","-2.21083333333333","https://en.wikipedia.org/wiki/Burnage"
"196","53.7888888888889","-2.24805555555556","https://en.wikipedia.org/wiki/Burnley"
"197","54.8911111111111","-2.94388888888889","https://en.wikipedia.org/wiki/Carlisle,_Cumbria"
"198","53.5461111111111","-2.1425","https://en.wikipedia.org/wiki/Chadderton"
"199","","","https://en.wikipedia.orgNA"
"200","53.1833333333333","-2.88333333333333","https://en.wikipedia.org/wiki/Chester"
"201","53.8711111111111","-2.39166666666667","https://en.wikipedia.org/wiki/Clitheroe"
"202","53.1619444444444","-2.21694444444444","https://en.wikipedia.org/wiki/Congleton"
"203","53.0988888888889","-2.44","https://en.wikipedia.org/wiki/Crewe"
"204","","","https://en.wikipedia.orgNA"
"205","53.4480555555556","-2.9075","https://en.wikipedia.org/wiki/Croxteth"
"206","53.7280555555556","-2.66055555555556","https://en.wikipedia.org/wiki/Bamber_Bridge"
"207","","","https://en.wikipedia.orgNA"
"208","54.3583333333333","-2.93611111111111","https://en.wikipedia.org/wiki/Windermere"
"209","53.4166666666667","-2.23111111111111","https://en.wikipedia.org/wiki/Didsbury"
"210","","","https://en.wikipedia.orgNA"
"211","53.4794444444444","-2.24527777777778","https://en.wikipedia.org/wiki/Manchester"
"212","","","https://en.wikipedia.orgNA"
"213","53.7533333333333","-2.36388888888889","https://en.wikipedia.org/wiki/Accrington"
"214","54.6","-3.12916666666667","https://en.wikipedia.org/wiki/Keswick,_Cumbria"
"215","53.63","-2.97805555555556","https://en.wikipedia.org/wiki/Kew,_Merseyside"
"216","53.4497222222222","-2.85","https://en.wikipedia.org/wiki/Knowsley,_Merseyside"
"217","54.0469444444444","-2.80111111111111","https://en.wikipedia.org/wiki/Lancaster,_Lancashire"
"218","53.3569444444444","-2.04305555555556","https://en.wikipedia.org/wiki/Disley"
"219","53.7425","-2.99694444444444","https://en.wikipedia.org/wiki/Lytham"
"220","53.2580555555556","-2.1275","https://en.wikipedia.org/wiki/Macclesfield"
"221","53.3969444444444","-2.06111111111111","https://en.wikipedia.org/wiki/Marple,_Greater_Manchester"
"222","54.2097222222222","-3.27027777777778","https://en.wikipedia.org/wiki/Millom"
"223","54.145","-4.48194444444444","https://en.wikipedia.org/wiki/Douglas,_Isle_of_Man"
"224","53.2588888888889","-2.51805555555556","https://en.wikipedia.org/wiki/Northwich"
"225","53.5444444444444","-2.11694444444444","https://en.wikipedia.org/wiki/Oldham"
"226","53.5663888888889","-2.88694444444444","https://en.wikipedia.org/wiki/Ormskirk"
"227","53.8552777777778","-2.17555555555556","https://en.wikipedia.org/wiki/Colne"
"228","53.4975","-2.515","https://en.wikipedia.org/wiki/Leigh,_Greater_Manchester"
"229","54.6647222222222","-2.75472222222222","https://en.wikipedia.org/wiki/Penrith,_Cumbria"
"230","53.3411111111111","-2.72888888888889","https://en.wikipedia.org/wiki/Runcorn"
"231","53.7588888888889","-2.69888888888889","https://en.wikipedia.org/wiki/Preston,_Lancashire"
"232","53.4","-2.98333333333333","https://en.wikipedia.org/wiki/Liverpool"
"233","","","https://en.wikipedia.orgNA"
"234","53.4425","-2.21861111111111","https://en.wikipedia.org/wiki/Fallowfield"
"235","53.6475","-3.00527777777778","https://en.wikipedia.org/wiki/Southport"
"236","53.4541666666667","-2.74611111111111","https://en.wikipedia.org/wiki/St_Helens,_Merseyside"
"237","53.4833333333333","-2.04","https://en.wikipedia.org/wiki/Stalybridge"
"238","53.4466666666667","-2.30861111111111","https://en.wikipedia.org/wiki/Stretford"
"239","53.3916666666667","-2.59722222222222","https://en.wikipedia.org/wiki/Warrington"
"240","53.6469444444444","-2.13194444444444","https://en.wikipedia.org/wiki/Wardle,_Greater_Manchester"
"241","54.6138888888889","-3.25194444444444","https://en.wikipedia.org/wiki/Whinlatter"
"242","53.3630555555556","-2.72805555555556","https://en.wikipedia.org/wiki/Widnes"
"243","53.325","-2.23888888888889","https://en.wikipedia.org/wiki/Wilmslow"
"244","53.745","-2.47694444444444","https://en.wikipedia.org/wiki/Blackburn"
"245","53.4083333333333","-2.14944444444444","https://en.wikipedia.org/wiki/Stockport"
"246","54.6363888888889","-3.555","https://en.wikipedia.org/wiki/Workington"
"247","53.4830555555556","-2.29305555555556","https://en.wikipedia.org/wiki/Salford,_Greater_Manchester"
"248","53.3919444444444","-2.26388888888889","https://en.wikipedia.org/wiki/Wythenshawe"
"249","","","https://en.wikipedia.orgNA"
"250","54.35","-6.65472222222222","https://en.wikipedia.org/wiki/Armagh"
"251","54.6666666666667","-5.66666666666667","https://en.wikipedia.org/wiki/Bangor,_County_Down"
"252","54.5963888888889","-5.93","https://en.wikipedia.org/wiki/Belfast"
"253","","","https://en.wikipedia.orgNA"
"254","","","https://en.wikipedia.orgNA"
"255","","","https://en.wikipedia.orgNA"
"256","","","https://en.wikipedia.orgNA"
"257","","","https://en.wikipedia.orgNA"
"258","","","https://en.wikipedia.orgNA"
"259","","","https://en.wikipedia.orgNA"
"260","","","https://en.wikipedia.orgNA"
"261","","","https://en.wikipedia.orgNA"
"262","","","https://en.wikipedia.orgNA"
"263","","","https://en.wikipedia.orgNA"
"264","","","https://en.wikipedia.orgNA"
"265","","","https://en.wikipedia.orgNA"
"266","","","https://en.wikipedia.orgNA"
"267","","","https://en.wikipedia.orgNA"
"268","","","https://en.wikipedia.orgNA"
"269","","","https://en.wikipedia.orgNA"
"270","","","https://en.wikipedia.orgNA"
"271","","","https://en.wikipedia.orgNA"
"272","","","https://en.wikipedia.orgNA"
"273","","","https://en.wikipedia.orgNA"
"274","","","https://en.wikipedia.orgNA"
"275","","","https://en.wikipedia.orgNA"
"276","","","https://en.wikipedia.orgNA"
"277","","","https://en.wikipedia.orgNA"
"278","57.15","-2.11666666666667","https://en.wikipedia.org/wiki/Aberdeen"
"279","57.695","-4.25805555555556","https://en.wikipedia.org/wiki/Alness"
"280","57.1938888888889","-3.82305555555556","https://en.wikipedia.org/wiki/Aviemore"
"281","55.4586111111111","-4.62916666666667","https://en.wikipedia.org/wiki/Ayr"
"282","60.15","-1.08333333333333","https://en.wikipedia.org/wiki/Bressay"
"283","","","https://en.wikipedia.orgNA"
"284","57.055","-2.49","https://en.wikipedia.org/wiki/Banchory"
"285","55.07","-3.60305555555556","https://en.wikipedia.org/wiki/Dumfries"
"286","55.905","-4.36083333333333","https://en.wikipedia.org/wiki/Drumchapel"
"287","56.0719444444444","-3.43916666666667","https://en.wikipedia.org/wiki/Dunfermline"
"288","55.9883333333333","-3.30111111111111","https://en.wikipedia.org/wiki/Cramond"
"289","55.62","-4.66138888888889","https://en.wikipedia.org/wiki/Irvine,_North_Ayrshire"
"290","57.65","-3.315","https://en.wikipedia.org/wiki/Elgin,_Moray"
"291","57.3661111111111","-2.08611111111111","https://en.wikipedia.org/wiki/Ellon,_Aberdeenshire"
"292","56.0011111111111","-3.78361111111111","https://en.wikipedia.org/wiki/Falkirk"
"293","56.8197222222222","-5.10527777777778","https://en.wikipedia.org/wiki/Fort_William,_Highland"
"294","56.4119444444444","-5.47194444444444","https://en.wikipedia.org/wiki/Oban"
"295","55.2383333333333","-4.85611111111111","https://en.wikipedia.org/wiki/Girvan"
"296","55.95","-4.765","https://en.wikipedia.org/wiki/Greenock"
"297","55.65","-3.18333333333333","https://en.wikipedia.org/wiki/Peebles"
"298","57.1377777777778","-2.18138888888889","https://en.wikipedia.org/wiki/Hazlehead,_Aberdeen"
"299","57.4716666666667","-4.22527777777778","https://en.wikipedia.org/wiki/Inverness"
"300","56.1108333333333","-3.1675","https://en.wikipedia.org/wiki/Kirkcaldy"
"301","58.9811111111111","-2.96","https://en.wikipedia.org/wiki/Kirkwall"
"302","55.675","-3.77694444444444","https://en.wikipedia.org/wiki/Lanark"
"303","55.8469444444444","-4.50194444444444","https://en.wikipedia.org/wiki/Linwood,_Renfrewshire"
"304","55.8833333333333","-3.51583333333333","https://en.wikipedia.org/wiki/Livingston,_West_Lothian"
"305","56.2","-3.41666666666667","https://en.wikipedia.org/wiki/Kinross"
"306","56.0027777777778","-2.51694444444444","https://en.wikipedia.org/wiki/Dunbar"
"307","56.1558333333333","-3.32333333333333","https://en.wikipedia.org/wiki/Lochore"
"308","55.945","-2.95388888888889","https://en.wikipedia.org/wiki/Tranent"
"309","56.7080555555556","-2.46694444444444","https://en.wikipedia.org/wiki/Montrose,_Angus"
"310","","","https://en.wikipedia.orgNA"
"311","56.0611111111111","-3.87111111111111","https://en.wikipedia.org/wiki/Plean"
"312","55.8247222222222","-4.3525","https://en.wikipedia.org/wiki/Pollok"
"313","55.9530555555556","-3.11388888888889","https://en.wikipedia.org/wiki/Portobello,_Edinburgh"
"314","55.8869444444444","-4.27027777777778","https://en.wikipedia.org/wiki/Ruchill"
"315","55.8830555555556","-4.22861111111111","https://en.wikipedia.org/wiki/Springburn"
"316","56.3402777777778","-2.79555555555556","https://en.wikipedia.org/wiki/St_Andrews"
"317","56.9638888888889","-2.21111111111111","https://en.wikipedia.org/wiki/Stonehaven"
"318","55.7838888888889","-3.98527777777778","https://en.wikipedia.org/wiki/Motherwell"
"319","58.5961111111111","-3.52111111111111","https://en.wikipedia.org/wiki/Thurso"
"320","","","https://en.wikipedia.orgNA"
"321","55.5333333333333","-4.66666666666667","https://en.wikipedia.org/wiki/Troon"
"322","55.8722222222222","-4.33166666666667","https://en.wikipedia.org/wiki/Whiteinch"
"323","55.8436111111111","-3.05","https://en.wikipedia.org/wiki/Gorebridge"
"324","51.6669444444444","-1.28305555555556","https://en.wikipedia.org/wiki/Abingdon-on-Thames"
"325","51.0577777777778","-1.30805555555556","https://en.wikipedia.org/wiki/Hampshire"
"326","51.0577777777778","-1.30805555555556","https://en.wikipedia.org/wiki/Hampshire"
"327","","","https://en.wikipedia.orgNA"
"328","","","https://en.wikipedia.orgNA"
"329","","","https://en.wikipedia.orgNA"
"330","","","https://en.wikipedia.orgNA"
"331","51.0577777777778","-1.30805555555556","https://en.wikipedia.org/wiki/Hampshire"
"332","","","https://en.wikipedia.orgNA"
"333","","","https://en.wikipedia.orgNA"
"334","","","https://en.wikipedia.orgNA"
"335","51.5361111111111","-0.547222222222222","https://en.wikipedia.org/wiki/Black_Park"
"336","","","https://en.wikipedia.orgNA"
"337","51.4161111111111","-0.748888888888889","https://en.wikipedia.org/wiki/Bracknell"
"338","","","https://en.wikipedia.orgNA"
"339","51.0577777777778","-1.30805555555556","https://en.wikipedia.org/wiki/Hampshire"
"340","","","https://en.wikipedia.orgNA"
"341","","","https://en.wikipedia.orgNA"
"342","","","https://en.wikipedia.orgNA"
"343","","","https://en.wikipedia.orgNA"
"344","","","https://en.wikipedia.orgNA"
"345","","","https://en.wikipedia.orgNA"
"346","","","https://en.wikipedia.orgNA"
"347","","","https://en.wikipedia.orgNA"
"348","51.4280555555556","-0.879444444444444","https://en.wikipedia.org/wiki/Winnersh"
"349","","","https://en.wikipedia.orgNA"
"350","","","https://en.wikipedia.orgNA"
"351","51.0577777777778","-1.30805555555556","https://en.wikipedia.org/wiki/Hampshire"
"352","51.0577777777778","-1.30805555555556","https://en.wikipedia.org/wiki/Hampshire"
"353","","","https://en.wikipedia.orgNA"
"354","51.3016666666667","-0.730555555555556","https://en.wikipedia.org/wiki/Frimley_Green"
"355","","","https://en.wikipedia.orgNA"
"356","","","https://en.wikipedia.orgNA"
"357","","","https://en.wikipedia.orgNA"
"358","","","https://en.wikipedia.orgNA"
"359","51.0577777777778","-1.30805555555556","https://en.wikipedia.org/wiki/Hampshire"
"360","51.4230555555555","-0.423888888888889","https://en.wikipedia.org/wiki/Sunbury-on-Thames"
"361","","","https://en.wikipedia.orgNA"
"362","51.57","-0.78","https://en.wikipedia.org/wiki/Marlow,_Buckinghamshire"
"363","51.0577777777778","-1.30805555555556","https://en.wikipedia.org/wiki/Hampshire"
"364","51.3680555555556","-0.53","https://en.wikipedia.org/wiki/Ottershaw"
"365","","","https://en.wikipedia.orgNA"
"366","","","https://en.wikipedia.orgNA"
"367","","","https://en.wikipedia.orgNA"
"368","51.0577777777778","-1.30805555555556","https://en.wikipedia.org/wiki/Hampshire"
"369","","","https://en.wikipedia.orgNA"
"370","","","https://en.wikipedia.orgNA"
"371","51.0577777777778","-1.30805555555556","https://en.wikipedia.org/wiki/Hampshire"
"372","51.5216666666667","-0.717777777777778","https://en.wikipedia.org/wiki/Maidenhead"
"373","","","https://en.wikipedia.orgNA"
"374","","","https://en.wikipedia.orgNA"
"375","","","https://en.wikipedia.orgNA"
"376","","","https://en.wikipedia.orgNA"
"377","","","https://en.wikipedia.orgNA"
"378","","","https://en.wikipedia.orgNA"
"379","50.9888888888889","-1.49666666666667","https://en.wikipedia.org/wiki/Romsey,_Hampshire"
"380","51.0577777777778","-1.30805555555556","https://en.wikipedia.org/wiki/Hampshire"
"381","51.3833333333333","-1.3","https://en.wikipedia.org/wiki/Greenham"
"382","51.3666666666667","-0.216666666666667","https://en.wikipedia.org/wiki/Cheam"
"383","","","https://en.wikipedia.orgNA"
"384","","","https://en.wikipedia.orgNA"
"385","","","https://en.wikipedia.orgNA"
"386","51.0577777777778","-1.30805555555556","https://en.wikipedia.org/wiki/Hampshire"
"387","","","https://en.wikipedia.orgNA"
"388","","","https://en.wikipedia.orgNA"
"389","51.0577777777778","-1.30805555555556","https://en.wikipedia.org/wiki/Hampshire"
"390","","","https://en.wikipedia.orgNA"
"391","","","https://en.wikipedia.orgNA"
"392","","","https://en.wikipedia.orgNA"
"393","","","https://en.wikipedia.orgNA"
"394","51.2480555555556","-0.758055555555556","https://en.wikipedia.org/wiki/Aldershot"
"395","","","https://en.wikipedia.orgNA"
"396","","","https://en.wikipedia.orgNA"
"397","","","https://en.wikipedia.orgNA"
"398","51.0577777777778","-1.30805555555556","https://en.wikipedia.org/wiki/Hampshire"
"399","51.0577777777778","-1.30805555555556","https://en.wikipedia.org/wiki/Hampshire"
"400","","","https://en.wikipedia.orgNA"
"401","","","https://en.wikipedia.orgNA"
"402","51.5038888888889","-0.588888888888889","https://en.wikipedia.org/wiki/Upton,_Slough"
"403","","","https://en.wikipedia.orgNA"
"404","","","https://en.wikipedia.orgNA"
"405","50.8808333333333","-1.26638888888889","https://en.wikipedia.org/wiki/Whiteley"
"406","","","https://en.wikipedia.orgNA"
"407","51.0577777777778","-1.30805555555556","https://en.wikipedia.org/wiki/Hampshire"
"408","","","https://en.wikipedia.orgNA"
"409","","","https://en.wikipedia.orgNA"
"410","51.4530555555556","-0.901944444444444","https://en.wikipedia.org/wiki/Woodley,_Berkshire"
"411","","","https://en.wikipedia.orgNA"
"412","","","https://en.wikipedia.orgNA"
"413","51.45","-2.58333333333333","https://en.wikipedia.org/wiki/Bristol"
"414","51.0833333333333","-4.06666666666667","https://en.wikipedia.org/wiki/Barnstaple"
"415","","","https://en.wikipedia.orgNA"
"416","51.0161111111111","-4.20888888888889","https://en.wikipedia.org/wiki/Bideford"
"417","50.8561111111111","-2.16472222222222","https://en.wikipedia.org/wiki/Blandford_Forum"
"418","50.72","-1.88","https://en.wikipedia.org/wiki/Bournemouth"
"419","51.2375","-2.99361111111111","https://en.wikipedia.org/wiki/Burnham-on-Sea"
"420","51.9","-2.06666666666667","https://en.wikipedia.org/wiki/Cheltenham"
"421","51.4586111111111","-2.11583333333333","https://en.wikipedia.org/wiki/Chippenham"
"422","51.5380555555556","-2.39388888888889","https://en.wikipedia.org/wiki/Chipping_Sodbury"
"423","51.7188888888889","-1.96805555555556","https://en.wikipedia.org/wiki/Cirencester"
"424","","","https://en.wikipedia.orgNA"
"425","50.3611111111111","-4.71611111111111","https://en.wikipedia.org/wiki/St_Blazey"
"426","50.7166666666667","-3.53333333333333","https://en.wikipedia.org/wiki/Exeter"
"427","50.62","-3.41305555555556","https://en.wikipedia.org/wiki/Exmouth"
"428","51.9880555555556","-1.70111111111111","https://en.wikipedia.org/wiki/Moreton-in-Marsh"
"429","51.7833333333333","-2.53333333333333","https://en.wikipedia.org/wiki/Forest_of_Dean"
"430","51.8666666666667","-2.23333333333333","https://en.wikipedia.org/wiki/Gloucester"
"431","51.8666666666667","-2.23333333333333","https://en.wikipedia.org/wiki/Gloucester"
"432","","","https://en.wikipedia.orgNA"
"433","50.7666666666667","-3.43333333333333","https://en.wikipedia.org/wiki/Broadclyst"
"434","51.8666666666667","-2.23333333333333","https://en.wikipedia.org/wiki/Gloucester"
"435","50.4661111111111","-4.71805555555556","https://en.wikipedia.org/wiki/Bodmin"
"436","","","https://en.wikipedia.org/wiki/Tanton"
"437","51.7286111111111","-2.52861111111111","https://en.wikipedia.org/wiki/Lydney"
"438","51.3711111111111","-2.13805555555556","https://en.wikipedia.org/wiki/Melksham"
"439","51.2038888888889","-3.47388888888889","https://en.wikipedia.org/wiki/Minehead"
"440","50.8411111111111","-1.84027777777778","https://en.wikipedia.org/wiki/Ashley_Heath"
"441","50.3605555555556","-4.17583333333333","https://en.wikipedia.org/wiki/Cremyll"
"442","51.9302777777778","-2.40472222222222","https://en.wikipedia.org/wiki/Newent"
"443","50.5930555555556","-3.67194444444444","https://en.wikipedia.org/wiki/Bovey_Tracey"
"444","","","https://en.wikipedia.orgNA"
"445","50.3713888888889","-4.14222222222222","https://en.wikipedia.org/wiki/Plymouth"
"446","51.4833333333333","-2.48333333333333","https://en.wikipedia.org/wiki/Mangotsfield"
"447","50.7166666666667","-1.98333333333333","https://en.wikipedia.org/wiki/Poole"
"448","51.0738888888889","-1.79361111111111","https://en.wikipedia.org/wiki/Salisbury"
"449","50.705","-3.07805555555556","https://en.wikipedia.org/wiki/Seaton,_Devon"
"450","51.1930555555556","-2.54611111111111","https://en.wikipedia.org/wiki/Shepton_Mallet"
"451","51.4136111111111","-2.49666666666667","https://en.wikipedia.org/wiki/Keynsham"
"452","51.3166666666667","-2.21666666666667","https://en.wikipedia.org/wiki/Trowbridge"
"453","51.7477777777778","-2.28388888888889","https://en.wikipedia.org/wiki/Stonehouse,_Gloucestershire"
"454","51.1236111111111","-2.73805555555556","https://en.wikipedia.org/wiki/Street,_Somerset"
"455","51.5666666666667","-1.78333333333333","https://en.wikipedia.org/wiki/Swindon"
"456","50.875","-4.48388888888889","https://en.wikipedia.org/wiki/Kilkhampton"
"457","50.5341666666667","-4.1925","https://en.wikipedia.org/wiki/Gulworthy"
"458","51.9833333333333","-2.16666666666667","https://en.wikipedia.org/wiki/Tewkesbury"
"459","51.6094444444444","-2.525","https://en.wikipedia.org/wiki/Thornbury,_Gloucestershire"
"460","50.4338888888889","-3.55694444444444","https://en.wikipedia.org/wiki/Paignton"
"461","50.2061111111111","-5.05","https://en.wikipedia.org/wiki/Feock,_Cornwall"
"462","50.7166666666667","-1.98333333333333","https://en.wikipedia.org/wiki/Poole"
"463","50.6130555555556","-2.45694444444444","https://en.wikipedia.org/wiki/Weymouth,_Dorset"
"464","51.1719444444444","-4.20694444444444","https://en.wikipedia.org/wiki/Woolacombe"
"465","51.6380555555556","-2.34888888888889","https://en.wikipedia.org/wiki/Wotton-under-Edge"
"466","50.9452777777778","-2.63694444444444","https://en.wikipedia.org/wiki/Yeovil"
"467","51.7130555555556","-3.445","https://en.wikipedia.org/wiki/Aberdare"
"468","52.4138888888889","-4.08111111111111","https://en.wikipedia.org/wiki/Aberystwyth"
"469","51.3919444444444","-3.16","https://en.wikipedia.org/wiki/Barry_Island"
"470","51.7775","-3.24055555555556","https://en.wikipedia.org/wiki/Tredegar"
"471","52.1488888888889","-3.405","https://en.wikipedia.org/wiki/Builth_Wells"
"472","51.4833333333333","-3.18333333333333","https://en.wikipedia.org/wiki/Cardiff"
"473","51.7333333333333","-4.66666666666667","https://en.wikipedia.org/wiki/Amroth,_Pembrokeshire"
"474","53.2833333333333","-3.83333333333333","https://en.wikipedia.org/wiki/Conwy"
"475","51.6530555555556","-3.02111111111111","https://en.wikipedia.org/wiki/Cwmbran"
"476","52.7430555555556","-3.885","https://en.wikipedia.org/wiki/Dolgellau"
"477","53.0461111111111","-2.99305555555556","https://en.wikipedia.org/wiki/Wrexham"
"478","51.6666666666667","-3.81666666666667","https://en.wikipedia.org/wiki/Neath"
"479","51.4833333333333","-3.18333333333333","https://en.wikipedia.org/wiki/Cardiff"
"480","51.8","-4.96666666666667","https://en.wikipedia.org/wiki/Haverfordwest"
"481","51.6838888888889","-4.16305555555556","https://en.wikipedia.org/wiki/Llanelli"
"482","52.2419444444444","-4.25916666666667","https://en.wikipedia.org/wiki/Aberaeron"
"483","51.8","-4.06666666666667","https://en.wikipedia.org/wiki/Gorslas"
"484","51.6166666666667","-3.65","https://en.wikipedia.org/wiki/Maesteg"
"485","51.7430555555556","-3.37805555555556","https://en.wikipedia.org/wiki/Merthyr_Tydfill"
"486","53.2561111111111","-4.31388888888889","https://en.wikipedia.org/wiki/Llangefni"
"487","","","https://en.wikipedia.orgNA"
"488","","","https://en.wikipedia.orgNA"
"489","52.5133333333333","-3.31416666666667","https://en.wikipedia.org/wiki/Newtown,_Powys"
"490","51.5780555555556","-3.21805555555556","https://en.wikipedia.org/wiki/Caerphilly"
"491","53.2280555555556","-4.12805555555556","https://en.wikipedia.org/wiki/Bangor,_Gwynedd"
"492","51.7030555555556","-3.04111111111111","https://en.wikipedia.org/wiki/Pontypool"
"493","51.6019444444444","-3.34194444444444","https://en.wikipedia.org/wiki/Pontypridd"
"494","51.4833333333333","-3.68333333333333","https://en.wikipedia.org/wiki/Porthcawl"
"495","","","https://en.wikipedia.orgNA"
"496","51.5888888888889","-2.78694444444444","https://en.wikipedia.org/wiki/Rogiet"
"497","","","https://en.wikipedia.orgNA"
"498","51.6166666666667","-3.95","https://en.wikipedia.org/wiki/Swansea"
"499","53.2","-3.03333333333333","https://en.wikipedia.org/wiki/Deeside"
"500","52.3","-1.93333333333333","https://en.wikipedia.org/wiki/Redditch"
"501","52.475","-1.47694444444444","https://en.wikipedia.org/wiki/Bedworth"
"502","52.4130555555556","-1.77805555555556","https://en.wikipedia.org/wiki/Solihull"
"503","52.7461111111111","-2.00111111111111","https://en.wikipedia.org/wiki/Cannock_Chase"
"504","52.4833333333333","-1.9","https://en.wikipedia.org/wiki/Birmingham"
"505","52.4080555555556","-1.51055555555556","https://en.wikipedia.org/wiki/Coventry"
"506","52.5080555555556","-2.08888888888889","https://en.wikipedia.org/wiki/Dudley"
"507","52.0833333333333","-1.95","https://en.wikipedia.org/wiki/Evesham"
"508","53","-2.18333333333333","https://en.wikipedia.org/wiki/Stoke-on-Trent"
"509","52.0563888888889","-2.71611111111111","https://en.wikipedia.org/wiki/Hereford"
"510","52.8066666666667","-2.11722222222222","https://en.wikipedia.org/wiki/Stafford"
"511","","","https://en.wikipedia.orgNA"
"512","52.2919444444444","-1.53694444444444","https://en.wikipedia.org/wiki/Leamington_Spa"
"513","52.3680555555556","-2.71805555555556","https://en.wikipedia.org/wiki/Ludlow"
"514","52.4833333333333","-1.9","https://en.wikipedia.org/wiki/Birmingham"
"515","52.3666666666667","-1.26666666666667","https://en.wikipedia.org/wiki/Rugby,_Warwickshire"
"516","52.5052777777778","-2.01722222222222","https://en.wikipedia.org/wiki/Sandwell"
"517","52.7080555555556","-2.75388888888889","https://en.wikipedia.org/wiki/Shrewsbury"
"518","52.19","-1.71","https://en.wikipedia.org/wiki/Stratford-upon-Avon"
"519","52.5630555555556","-1.82194444444444","https://en.wikipedia.org/wiki/Sutton_Coldfield"
"520","52.6766666666667","-2.44694444444444","https://en.wikipedia.org/wiki/Telford"
"521","53.0108333333333","-2.22777777777778","https://en.wikipedia.org/wiki/Newcastle_Under_Lyme"
"522","52.5833333333333","-1.98333333333333","https://en.wikipedia.org/wiki/Walsall"
"523","52.5833333333333","-2.13333333333333","https://en.wikipedia.org/wiki/Wolverhampton"
"524","52.1919444444444","-2.22","https://en.wikipedia.org/wiki/Worcester"
"525","52.1919444444444","-2.22","https://en.wikipedia.org/wiki/Worcester"
"526","52.3752777777778","-2.31611111111111","https://en.wikipedia.org/wiki/Bewdley"
"527","53.8011111111111","-1.59833333333333","https://en.wikipedia.org/wiki/Armley_Park"
"528","53.5536111111111","-1.47916666666667","https://en.wikipedia.org/wiki/Barnsley"
"529","53.8","-1.75","https://en.wikipedia.org/wiki/Bradford"
"530","53.7997222222222","-1.54916666666667","https://en.wikipedia.org/wiki/Leeds"
"531","53.7069444444444","-1.79388888888889","https://en.wikipedia.org/wiki/Brighouse"
"532","","","https://en.wikipedia.orgNA"
"533","53.5533333333333","-0.0216666666666667","https://en.wikipedia.org/wiki/Cleethorpes"
"534","53.8669444444444","-1.91111111111111","https://en.wikipedia.org/wiki/Keighley"
"535","53.3833333333333","-1.46666666666667","https://en.wikipedia.org/wiki/Sheffield"
"536","53.7997222222222","-1.54916666666667","https://en.wikipedia.org/wiki/Leeds"
"537","54.2438888888889","-0.776111111111111","https://en.wikipedia.org/wiki/Pickering,_North_Yorkshire"
"538","53.6911111111111","-1.63305555555556","https://en.wikipedia.org/wiki/Dewsbury"
"539","53.515","-1.13305555555556","https://en.wikipedia.org/wiki/Doncaster"
"540","54.1380555555556","-1.52388888888889","https://en.wikipedia.org/wiki/Ripon"
"541","53.6991666666667","-0.869166666666667","https://en.wikipedia.org/wiki/Goole"
"542","53.3833333333333","-1.46666666666667","https://en.wikipedia.org/wiki/Sheffield"
"543","53.725","-1.86305555555556","https://en.wikipedia.org/wiki/Halifax,_West_Yorkshire"
"544","53.9919444444444","-1.53777777777778","https://en.wikipedia.org/wiki/Harrogate"
"545","53.9583333333333","-1.08027777777778","https://en.wikipedia.org/wiki/York"
"546","53.3833333333333","-1.46666666666667","https://en.wikipedia.org/wiki/Sheffield"
"547","53.8","-1.75","https://en.wikipedia.org/wiki/Bradford"
"548","53.645","-1.77972222222222","https://en.wikipedia.org/wiki/Huddersfield"
"549","","","https://en.wikipedia.orgNA"
"550","","","https://en.wikipedia.orgNA"
"551","53.7997222222222","-1.54916666666667","https://en.wikipedia.org/wiki/Leeds"
"552","53.8461111111111","-1.83611111111111","https://en.wikipedia.org/wiki/Bingley"
"553","53.9583333333333","-1.08027777777778","https://en.wikipedia.org/wiki/York"
"554","53.5808333333333","-0.650277777777778","https://en.wikipedia.org/wiki/Scunthorpe"
"555","54.3377777777778","-1.42861111111111","https://en.wikipedia.org/wiki/Northallerton"
"556","53.6833333333333","-1.48333333333333","https://en.wikipedia.org/wiki/Wakefield"
"557","53.7344444444444","-1.66083333333333","https://en.wikipedia.org/wiki/Birstall,_West_Yorkshire"
"558","","","https://en.wikipedia.orgNA"
"559","53.6911111111111","-1.31194444444444","https://en.wikipedia.org/wiki/Pontefract"
"560","53.7997222222222","-1.54916666666667","https://en.wikipedia.org/wiki/Leeds"
"561","53.43","-1.35694444444444","https://en.wikipedia.org/wiki/Rotherham"
"562","53.43","-1.35694444444444","https://en.wikipedia.org/wiki/Rotherham"
"563","53.4786111111111","-0.2675","https://en.wikipedia.org/wiki/Rothwell,_Lincolnshire"
"564","53.7997222222222","-1.54916666666667","https://en.wikipedia.org/wiki/Leeds"
"565","53.5808333333333","-0.650277777777778","https://en.wikipedia.org/wiki/Scunthorpe"
"566","53.7816666666667","-1.07027777777778","https://en.wikipedia.org/wiki/Selby"
"567","54.0819444444444","-0.192222222222222","https://en.wikipedia.org/wiki/Bridlington"
"568","53.3833333333333","-1.46666666666667","https://en.wikipedia.org/wiki/Sheffield"
"569","53.3833333333333","-1.46666666666667","https://en.wikipedia.org/wiki/Sheffield"
"570","53.9619444444444","-2.01694444444444","https://en.wikipedia.org/wiki/Skipton"
"571","53.7997222222222","-1.54916666666667","https://en.wikipedia.org/wiki/Leeds"
"572","53.6833333333333","-1.48333333333333","https://en.wikipedia.org/wiki/Wakefield"
"573","53.9275","-1.38388888888889","https://en.wikipedia.org/wiki/Wetherby"
"574","53.7997222222222","-1.54916666666667","https://en.wikipedia.org/wiki/Leeds"
"575","53.9583333333333","-1.08027777777778","https://en.wikipedia.org/wiki/York"
