"","Name","Location","Started on","Notes","Region","URL","Latnum  in miles","Longnum"
"1","Guernsey Parkrun","L'Ancresse, Guernsey","9 Apr 2016","A coastal two-lap course over mixed terrain and passes Guernsey loophole towers. Separate winter and summer courses.","Channel Islands","/wiki/L%27Ancresse","",""
"2","Jersey Parkrun","Saint Brelade, Jersey","26 Sep 2015","Starts and finishes at Les Quennevais Sports Centre and is within walking distance of the airport[12]","Channel Islands","/wiki/Saint_Brelade","49.1969444444444","-2.19666666666667"
"3","Bakewell Parkrun","Hassop, Derbyshire","6 Jan 2018","An out and back run on the Monsal Trail, starting and finishing at Hassop railway station","East Midlands","/wiki/Hassop","53.2469444444444","-1.66694444444444"
"4","Beeston	Parkrun","Beeston, Notts","5 April 2014","At the Weirfields Recreation Ground taking in the River Trent and canal[15]","East Midlands","/wiki/Beeston,_Nottinghamshire","52.9266666666667","-1.21555555555556"
"5","Belton House Parkrun","Belton, Lincolnshire","7 Nov 2011","In the grounds of The National Trust's Grade I listed Belton House","East Midlands","/wiki/Belton,_Lincolnshire","52.9463888888889","-0.616666666666667"
"6","Bestwood Village Parkrun","Bestwood Village, Notts","28 Jan 2017","At Bestwood Country Park[17]","East Midlands","/wiki/Bestwood_Village","53.0230555555556","-1.17861111111111"
"7","Boston Parkrun","Boston, Lincolnshire","24 Oct 2015","At Witham Way Country Park","East Midlands","/wiki/Boston,_Lincolnshire","52.9738888888889","-0.0213888888888889"
"8","Braunstone Parkrun","Braunstone, Leicester","25 Sep 2010","In Braunstone park starting at Braunstone Hall","East Midlands","/wiki/Braunstone_Town","52.6161111111111","-1.175"
"9","Brierley Forest Parkrun","Huthwaite, Notts","10 Sep 2016","An undulating trail run in Brierley Forest Park starting at the forest visitor centre","East Midlands","/wiki/Huthwaite","53.125","-1.30111111111111"
"10","Clifton	Parkrun","Clifton, Notts","13 Jan 2018","At the Clifton playing fields [21]","East Midlands","/wiki/Clifton,_Nottingham","52.9030555555556","-1.1775"
"11","Clumber Park Parkrun","Worksop, Notts","2 June 2013","In Grade I listed Clumber Park","East Midlands","/wiki/Worksop","53.3041666666667","-1.12444444444444"
"12","Colwick Parkrun","Colwick, Notts","25 June 2011","At Colwick Country Park with one lap of the main lake and two laps of the small lake[23]","East Midlands","/wiki/Colwick","52.9558333333333","-1.09194444444444"
"13","Conkers Parkrun","Moira, Leicestershire","16 April 2011","In The National Forest starting at the Conkers Waterside and Discovery Centre","East Midlands","/wiki/Moira,_Leicestershire","52.7361111111111","-1.535"
"14","Corby Parkrun ","Corby, Northants","21 Sep 2013","Two and a half laps of West Glebe Park","East Midlands","/wiki/Corby","52.4913888888889","-0.696388888888889"
"15","Daventry Parkrun","Daventry, Northants","8 Nov 2014","A flat one lap course of Daventry Country Park","East Midlands","/wiki/Daventry","52.2666666666667","-1.16666666666667"
"16","Dishley Parkrun","Loughborough, Leics","28 Jul 2018","At Loughborough Rugby Club and runs along the Grand Union Canal and River Soar","East Midlands","/wiki/Loughborough","52.7705555555556","-1.20472222222222"
"17","Forest Rec Parkrun","Nottingham, Notts","6 April 2014","At the Forest Recreation Ground[28]","East Midlands","/wiki/Nottingham","52.95","-1.15"
"18","Gainsborough Parkrun","Gainsborough, Lincs","30 May 2015","In the grounds of West Lindsey leisure centre","East Midlands","/wiki/Gainsborough,_Lincolnshire","53.4016666666667","-0.773333333333333"
"19","Gedling Parkrun","Gedling, Nottingham","20 June 2016","An undulating single lap figure of eight course set in the grounds of Gedling Country Park[30]","East Midlands","/wiki/Gedling","52.9758333333333","-1.07944444444444"
"20","Glossop Parkrun","Glossop, Derbyshire","26 Sep 2015","Three laps of Manor Park","East Midlands","/wiki/Glossop","53.4430555555556","-1.94888888888889"
"21","Kettering Parkrun","Kettering, Northants","24 Sep 2016","At Wicksteed Park, an Amusement Park","East Midlands","/wiki/Kettering","52.3930555555556","-0.723055555555556"
"22","Leicester Victoria Parkrun","Leicester, Leics","14 Nov 2015","In Victoria Park, adjacent to the University of Leicester","East Midlands","/wiki/Leicester","52.6333333333333","-1.13333333333333"
"23","Lincoln	Parkrun","Lincoln, Lincs","6 Nov 2013","Three laps of Boultham Park on tarmac paths","East Midlands","/wiki/Lincoln,_England","53.2327777777778","-0.537777777777778"
"24","Long Eaton Parkrun","Long Eaton, Derbyshire","13 June 2015","Two laps of West Park starting near the cricket pavilion[34]","East Midlands","/wiki/Long_Eaton","52.8980555555556","-1.27083333333333"
"25","Mansfield Parkrun","Mansfield, Notts","29 Sep 2012","Three laps of Manor Park on concrete and gravel paths","East Midlands","/wiki/Mansfield","53.15","-1.2"
"26","Markeaton Parkrun","Markeaton, Derby","27 Apr 2014","Two laps of Markeaton Park starting at the lake","East Midlands","/wiki/Markeaton","52.925","-1.49194444444444"
"27","Market Harborough Parkrun","Market Harborough, Leics","25 Apr 2015","In Welland Park","East Midlands","/wiki/Market_Harborough","52.4775","-0.920555555555556"
"28","Market Rasen Racecourse Parkrun","Market Rasen, Lincs","3 Nov 2018","At Market Rasen National Hunt Racecourse. Mostly on grass","East Midlands","/wiki/Market_Rasen","53.3872222222222","-0.335555555555556"
"29","Melton Mowbray Parkrun","Melton Mowbray, Leics","10 Jan 2015","In Melton Country Park, starting at the visitors centre","East Midlands","/wiki/Melton_Mowbray","52.7661111111111","-0.886111111111111"
"30","Newark Parkrun","Newark, Notts","1 June 2013","A multi terrain run in Sconce and Devon Park","East Midlands","/wiki/Newark,_Nottinghamshire","53.0761111111111","-0.809166666666667"
"31","Northampton Parkrun","Northampton, Northants","5 May 2012","At The Racecourse (no longer used for horse racing)","East Midlands","/wiki/Northampton","52.2302777777778","-0.893888888888889"
"32","Poolsbrook Parkrun","Poolsbrook, Derbys","2 Apr 2016","At Poolsbrook Country Park, the site of a former colliery","East Midlands","/wiki/Poolsbrook","53.2580555555556","-1.34"
"33","Rosliston Parkrun","Rosliston, Derbs","12 Mar 2016","A trail run that starts at Rosliston Forestry Centre in The National Forest","East Midlands","/wiki/Rosliston","52.7480555555556","-1.64194444444444"
"34","Rushcliffe Parkrun","Ruddington, Notts","6 Oct 2012","At Rushcliffe Country Park[43][44]","East Midlands","/wiki/Ruddington","52.8925","-1.14944444444444"
"35","Rutland Water Parkrun","Rutland Water, Rutland","24 Oct 2015","An out and back along the reservoir","East Midlands","/wiki/Rutland_Water","52.6666666666667","-0.666666666666667"
"36","Sherwood Pines Parkrun","Mansfield, Notts","24 Oct 2015","A forest run starting and finishing at Go Ape Sherwood","East Midlands","/wiki/Mansfield","53.15","-1.2"
"37","Shipley Country	Parkrun","Heanor, Derbyshire","25 Feb 2017","At Shipley Country Park on a mixture of trail, tarmac and gravel paths[47]","East Midlands","/wiki/Heanor","53.0136111111111","-1.35388888888889"
"38","Sixfields Upton	Parkrun","Upton, Northants","24 Feb 2018","At Upton Country Park","East Midlands","/wiki/Upton,_Northamptonshire","52.2352777777778","-0.951944444444444"
"39","Watermeadows Parkrun","Towcester, Northants","16 Feb 2019","At Watermeadows, bordering the River Tove. The Parkrun is entirely on grass","East Midlands","/wiki/Towcester,_Northamptonshire","52.1333333333333","-0.983333333333333"
"40","Aldenham Parkrun","Elstree, Herts","20 Jun 2015","At Aldenham Country Park","East of England","/wiki/Elstree","51.6333333333333","-0.3"
"41","Barclay Parkrun","Hoddesdon, Herts","6 Jun 2015","At Barclay Park","East of England","/wiki/Hoddesdon","51.7588888888889","-0.015"
"42","Basildon Parkrun","Basildon, Essex","5 Apr 2014","Three laps on grass and footpaths at Northlands Park","East of England","/wiki/Basildon","51.5761111111111","0.488611111111111"
"43","Bedford	Parkrun","Bedford, Bedfordshire","11 Jun 2011","A flat, fast run at Bedford Park on compacted surface","East of England","/wiki/Bedford","52.135","-0.47"
"44","Billericay Parkrun","Billericay, Essex","24 Jun 2017","Almost four laps of Lake Meadows Park taking in the lake","East of England","/wiki/Billericay","51.6280555555556","0.418333333333333"
"45","Blickling Parkrun","Blickling, Norfolk","9 Nov 2013","At the National Trust's Blickling Hall with two laps on the mausoleum walk","East of England","/wiki/Blickling","52.8097222222222","1.23138888888889"
"46","Brandon Country Parkrun","Brandon, Suffolk","9 Mar 2013","At Brandon Country Park on a mixture of grass, trail paths, gravel paths and sand","East of England","/wiki/Brandon,_Suffolk","52.4475","0.624166666666667"
"47","Brentwood Parkrun","Brentwood, Essex","6 Dec 2014","At Weald Country Park, one lap including the steep Heartbreak Hill","East of England","/wiki/Brentwood,_Essex","51.6202777777778","0.305"
"48","Brundall Parkrun","Brundall, Norfolk","20 Jun 2015","At Brundall Countryside Park near Blundall railway station","East of England","/wiki/Brundall","52.6244444444444","1.43361111111111"
"49","Burnham-on-Crouch Parkrun","Burnham-on-Crouch, Essex","22 Jul 2017","Taking in the River Crouch and the Harbour","East of England","/wiki/Burnham-on-Crouch","51.6283333333333","0.814444444444445"
"50","Bury St Edmunds Parkrun","Nowton, Suffolk","29 Jun 2013","At Nowton park on the southern edge of Bury St Edmunds","East of England","/wiki/Nowton","52.215","0.733055555555556"
"51","Cambridge Parkrun","Milton, Cambridge","30 Jan 2010","At Milton Country Park, lots of twisty turns, flat, some narrow sections and regular 400+ field","East of England","/wiki/Milton,_Cambridgeshire","52.2433333333333","0.161388888888889"
"52","Cassiobury Parkrun","Watford, Herts","28 Feb 2015","Two and a half laps of Cassiobury Park all on tarmac","East of England","/wiki/Watford","51.655","-0.23"
"53","Castle Park Parkrun","Bishop's Stortford, Herts","30 Sep 2017","At Castle Park near the town centre, flat with some narrow sections and a regular 250+field","East of England","/wiki/Bishop%27s_Stortford","51.8719444444444","0.1725"
"54","Catton Parkrun","Norwich, Norfolk","5 Oct 2013","At Catton Park starting near Hayman Lodge on a mixture of surfaces","East of England","/wiki/Norwich","52.6","1.3"
"55","Chelmsford Central Parkrun","Chelmsford, Essex","19 Jan 2013","At both Central Park and adjacent Admirals Park following the River Can","East of England","/wiki/Chelmsford","51.7361111111111","0.479722222222222"
"56","Clacton Seafront Parkrun","Clacton-on-Sea, Essex","15 Jan 2016","Along the promenade entirely on tarmac turning around at Clacton Pier","East of England","/wiki/Clacton-on-Sea","51.7916666666667","1.14583333333333"
"57","Clare Castle Parkrun","Clare, Suffolk","30 Sep 2017","At Clare Castle Country Park starting at Clare Castle","East of England","/wiki/Clare,_Suffolk","52.0833333333333","0.583333333333333"
"58","Coldham's Common Parkrun","Cambridge, Cambridgeshire","29 Sep 2018","At Coldham's Common and mostly on grass","East of England","/wiki/Cambridge","52.205","0.118888888888889"
"59","Colchester Castle Parkrun","Colchester, Essex","6 Jun 2013","At Castle Park passing Colchester Castle and entirely on footpaths","East of England","/wiki/Colchester","51.8916666666667","0.903055555555556"
"60","Colney Lane Parkrun","Colney, Norfolk","9 Dec 2017","At Colney Lane Playing Fields which are owned by the University of East Anglia","East of England","/wiki/Colney","52.6252777777778","1.22166666666667"
"61","Dunstable Downs Parkrun","Dunstable, Beds","23 Feb 2019","Starts and finishes at Chiltern Gateway Centre. Run on grass and trails","East of England","/wiki/Dunstable","51.8861111111111","-0.521111111111111"
"62","Ellenbrook Fields Parkrun","Hatfield, Herts","21 May 2016","At the University of Hertfordshire Sports Village mostly on grass","East of England","/wiki/Hatfield,_Hertfordshire","51.7619444444444","-0.228055555555556"
"63","Felixstowe Parkrun","Felixstowe, Suffolk","7 Apr 2018","A flat route run along the promenade[65], starting and finishing at Felixstowe Pier","East of England","/wiki/Felixstowe","51.9638888888889","1.35138888888889"
"64","Fritton Lake Parkrun","Fritton, Norfolk","5 May 2012","At Fritton Lake starting at the outdoor centre","East of England","/wiki/Fritton_(near_Great_Yarmouth)","52.5419444444444","1.63666666666667"
"65","Gadebridge Parkrun","Hemel Hempstead, Herts","2 May 2015","Two loops of the park on a mixture of grass and footpath","East of England","/wiki/Hemel_Hempstead","51.7525","-0.469166666666667"
"66","Gorleston Parkrun","Gorleston, Norfolk","25 Apr 2009","Two laps on the promenade finishing at the bottom of Gorleston Cliffs","East of England","/wiki/Gorleston","52.5758333333333","1.72361111111111"
"67","Great Cornard Parkrun","Great Cornard, Suffolk","1 Mar 2014","At Great Cornard Sports Centre run almost entirely on grass","East of England","/wiki/Great_Cornard","52.0244444444444","0.749722222222222"
"68","Great Denham Parkrun","Great Denham, Beds","17 Feb 2018","On the new parkland running along the River Great Ouse","East of England","/wiki/Great_Denham","52.1344444444444","-0.514722222222222"
"69","Great Dunmow Parkrun","Great Dunmow, Essex","14 Apr 2018","At The Recreation Ground mainly on trail starting at the skatepark","East of England","/wiki/Great_Dunmow","51.8730555555556","0.361666666666667"
"70","Great Notley Parkrun","Great Notley, Essex","28 Jun 2014","In Great Notley Country Park ran on gravel tracks and grass","East of England","/wiki/Great_Notley","51.8594444444444","0.534166666666667"
"71","Gunpowder Parkrun","Waltham Abbey, Essex","22 Oct 2011","In Gunpowder Park, now part of Lee Valley Park and formerly part of Waltham Abbey Royal Gunpowder Mills","East of England","/wiki/Waltham_Abbey","51.6847222222222","0.000277777777777778"
"72","Hadleigh Parkrun","Hadleigh, Essex","22 Oct 2016","An undulating course at Hadleigh Country Park with views across the Thames Estuary","East of England","/wiki/Hadleigh,_Essex","51.5536111111111","0.609444444444444"
"73","Harlow Parkrun","Harlow, Essex","8 Nov 2014","At Harlow Town Park mainly on the foot and cycle path","East of England","/wiki/Harlow","51.7788888888889","0.128055555555556"
"74","Harwich	Parkrun","Harwich, Essex","1 Aug 2015","Along the promenade starting at Cliff Park","East of England","/wiki/Harwich","51.9338888888889","1.26611111111111"
"75","Haverhill Parkrun","Haverhill, Suffolk","10 Mar 2018","At Puddlebrook Playing Fields mostly on grass","East of England","/wiki/Haverhill,_Suffolk","52.0833333333333","0.433333333333333"
"76","Hockley Woods Parkrun","Hockley, Essex","7 Feb 2015","Run entirely on trail paths in the woods","East of England","/wiki/Hockley","51.6013888888889","0.636388888888889"
"77","Holkham	Parkrun","Holkham, Norfolk","12 Dec 2015","At Holkham Hall passing the estates historic features and starting outside the hall","East of England","/wiki/Holkham","52.9588888888889","0.815833333333333"
"78","Houghton Hall Parkrun","Houghton Regis, Beds","23 Dec 2017","At Houghton Hall Park","East of England","/wiki/Houghton_Regis","51.9038888888889","-0.524722222222222"
"79","Huntingdon Parkrun","Huntingdon, Cambs","13 Apr 2013","Two loops of Hinchingbrooke Country Park on a mixture of grass, footpaths and woodland paths","East of England","/wiki/Huntingdon","52.3363888888889","-0.171666666666667"
"80","Ipswich	Parkrun","Ipswich, Suffolk","8 Sep 2012","The summer course is in Chantry Park and the winter course is in Christchurch Park","East of England","/wiki/Ipswich","52.0594444444444","1.15555555555556"
"81","Jersey Farm Parkrun","St. Albans, Herts","10 Nov 2018","At Jersey Farm Woodland Park, the only Parkrun on the mainland beginning with the letter ""J""","East of England","/wiki/St._Albans","51.755","-0.336111111111111"
"82","Kesgrave Parkrun","Kesgrave, Suffolk","20 Sep 2014","At Millenium Field all on grass","East of England","/wiki/Kesgrave","52.0627777777778","1.23777777777778"
"83","King's Lynn Parkrun","King's Lynn, Norfolk","19 Sep 2011","At The Walks entirely on tarmac passing Red Mount Chapel","East of England","/wiki/King%27s_Lynn","52.7541666666667","0.3975"
"84","Letchworth Parkrun","Letchworth, Herts","27 Jan 2018","At Grange Recreation Ground partly on gravel, grass and bare earth","East of England","/wiki/Letchworth","51.9780555555556","-0.23"
"85","Lingwood Parkrun","Lingwood, Norfolk","2 March 2019","At Lingwood Village Hall","East of England","/wiki/Lingwood,_Norfolk","52.625","1.49111111111111"
"86","Littleport Parkrun","Littleport, Cambs","23 Jun 2018","At Littleport Leisure Centre","East of England","/wiki/Littleport,_Cambridgeshire","52.4580555555556","0.305"
"87","Loch Neaton Parkrun, Watton","Watton, Norfolk","2 Mar 2019","At Loch Neaton and Watton Sports Centre","East of England","/wiki/Watton,_Norfolk","52.5713888888889","0.825833333333333"
"88","Lowestoft Parkrun","Lowestoft, Suffolk","31 Oct 2015","Along the promenade starting at East Point Pavilion","East of England","/wiki/Lowestoft","52.4833333333333","1.75"
"89","Luton Wardown Parkrun","Luton, Beds","18 Mar 2015","At Wardown Park, starting at the boathouse and around the lake","East of England","/wiki/Luton","51.8833333333333","-0.416666666666667"
"90","Maldon Prom Parkrun","Maldon, Essex","31 Aug 2013","At Promenade Park starting at the amphitheatre and passing the statue of Byrhtnoth","East of England","/wiki/Maldon,_Essex","51.7316666666667","0.675833333333333"
"91","March Parkrun","March, Cambs","23 Jan 2016","At West End Park starting at George Campbell Leisure Centre","East of England","/wiki/March,_Cambridgeshire","52.5511111111111","0.0880555555555556"
"92","Mersea Island Parkrun","Mersea Island, Essex","17 Dec 2016","At Cudmore Grove Country Park passing the World War II pillbox","East of England","/wiki/Mersea_Island","51.7958333333333","0.94"
"93","Mulbarton Parkrun","Mulbarton, Norfolk","16 Mar 2013","At Mulbarton Common entirely on grass","East of England","/wiki/Mulbarton,_Norfolk","52.5872222222222","1.22527777777778"
"94","Norwich Parkrun","Norwich, Norfolk","7 Aug 2010","At Eaton Park entirely on hard surfaces","East of England","/wiki/Norwich","52.6","1.3"
"95","Panshanger Parkrun","Welwyn Garden City, Herts","11 Oct 2014","One lap of Panshanger Park starting at Thieves Lane","East of England","/wiki/Welwyn_Garden_City","51.8061111111111","-0.193333333333333"
"96","Pocket Parkrun","St. Neots, Cambs","16 Jun 2018","At Pocket Park starting near the leisure centre","East of England","/wiki/St._Neots","52.2333333333333","-0.266666666666667"
"97","Rickmansworth Parkrun","Rickmansworth, Herts","4 Mar 2017","Two flat laps of the aquadrome mainly on tarmac with lakes and a cafe for post run coffee","East of England","/wiki/Rickmansworth","51.6383333333333","-0.465833333333333"
"98","Roding Valley Parkrun","Loughton, Essex","14 Jan 2017","In Roding Valley Recreation Ground mostly on grass","East of England","/wiki/Loughton","51.6494444444444","0.0736111111111111"
"99","Sheringham Parkrun","Sheringham, Norfolk","3 Nov 2012","A trail run at the National Trust's Sheringham Park with views of the coast and historic parkland","East of England","/wiki/Sheringham","52.94","1.21305555555556"
"100","Sizewell Parkrun","Leiston, Suffolk","25 Aug 2018","Along the coast passed Sizewell nuclear power stations and RSPB Minsmere","East of England","/wiki/Leiston","52.2061111111111","1.57888888888889"
"101","South Oxhey Parkrun","Watford, Herts","31 Jan 2015","In South Oxhey Playing Fields entirely on grass","East of England","/wiki/Watford","51.655","-0.23"
"102","South Woodham Ferrers Parkrun","South Woodham Ferrers, Essex","10 Mar 2018","In Marsh Farm Country Park on a mixture of concrete paths, trail paths and grass","East of England","/wiki/South_Woodham_Ferrers","51.6511111111111","0.6125"
"103","Southend Parkrun","Southend, Essex","13 Oct 2012","In Gunners Park passing various gun emplacements and part of a local nature reserve","East of England","/wiki/Southend","51.5377777777778","0.713888888888889"
"104","St Albans Parkrun","St Albans, Herts","14 Jan 2012","In Verulamium Park on the former Roman city of Verulamium","East of England","/wiki/St_Albans","51.755","-0.336111111111111"
"105","Stevenage Parkrun","Stevenage, Herts","28 May 2016","At Six Hills starting between the two lakes","East of England","/wiki/Stevenage","51.9","-0.2"
"106","Swaffham Parkrun","Swaffham, Norfolk","26 May 2018","On the playing fields at Nicholas Hamond Academy","East of England","/wiki/Swaffham","52.6527777777778","0.684166666666667"
"107","Thetford Parkrun","Thetford, Norfolk","23 Feb 2013","In Abbey Meadows at Thetford priory","East of England","/wiki/Thetford","52.4166666666667","0.733333333333333"
"108","Thurrock Parkrun","Thurrock, Essex","10 Oct 2015","At Pyramid Centre all on grass","East of England","/wiki/Thurrock","51.5","0.416666666666667"
"109","Tring Parkrun","Tring, Herts","1 Nov 2014","An out and back run on grass and dirt trail at Tring Park","East of England","/wiki/Tring","51.7961111111111","-0.659166666666667"
"110","Westmill Parkrun","Ware, Herts","22 Jul 2017","At Three Lakes Campsite","East of England","/wiki/Ware,_Hertfordshire","51.8108333333333","-0.0313888888888889"
"111","Wimpole Estate Parkrun","Royston, Cambs","12 Jan 2013","A trail run at the National Trust's Wimpole Estate","East of England","/wiki/Royston,_Hertfordshire","52.0472222222222","-0.0202777777777778"
"112","Ally Pally parkrun","Alexandra Palace, Haringey","3 Dec 2011","Course has a winter route and a summer route","Greater London","/wiki/Alexandra_Palace","51.5938888888889","-0.13"
"113","Barking parkrun","Barking Park, Barking","28 Jul 2012","","Greater London","/wiki/Barking_Park","51.545","0.0880555555555556"
"114","Beckenham Place parkrun","Beckenham Place Park, Lewisham","19 Nov 2016","","Greater London","/wiki/Beckenham_Place_Park","51.415","-0.0202777777777778"
"115","Beckton parkrun","Beckton District Park South, Newham","2 Jun 2012","","Greater London","/wiki/Beckton_District_Park_South","51.5116666666667","0.0480555555555556"
"116","Bedfont Lakes parkrun","Bedfont Lakes Country Park, Hounslow","9 May 2009","","Greater London","/wiki/Bedfont_Lakes_Country_Park","51.4430555555556","-0.448888888888889"
"117","Bexley parkrun","Bexleyheath, Kent","4 Feb 2012","2 lap course, variety of path and woodland - couple of challenging inclines","Greater London",NA,"",""
"118","Brockwell parkrun","Brockwell Park, Lambeth","11 Dec 2010","","Greater London","/wiki/Brockwell_Park","51.4508333333333","-0.1075"
"119","Bromley parkrun","","29 Aug 2009","","Greater London",NA,"",""
"120","Burgess parkrun","Burgess Park, Southwark","22 Sep 2012","","Greater London","/wiki/Burgess_Park","51.4836111111111","-0.0819444444444444"
"121","Bushy parkrun","Bushy Park, Richmond","2 Oct 2004","A flat, fast 1 lap course run on a mixture of grass, gravel and concrete. The first ever parkrun worldwide","Greater London","/wiki/Bushy_Park","51.415","-0.339166666666667"
"122","Canons Park parkrun","","8 Oct 2016","","Greater London",NA,"",""
"123","Catford parkrun","","28 Apr 2018","","Greater London",NA,"",""
"124","Clapham Common parkrun","","24 Mar 2018","","Greater London",NA,"",""
"125","Crane parkrun","","9 Jun 2012","","Greater London",NA,"",""
"126","Crystal Palace parkrun","Crystal Palace Park, Bromley","29 May 2010","","Greater London","/wiki/Crystal_Palace_Park","51.4202777777778","-0.0705555555555556"
"127","Dulwich parkrun","Dulwich Park, Southwark","14 Apr 2012","","Greater London","/wiki/Dulwich_Park","51.4458333333333","-0.0786111111111111"
"128","Finsbury parkrun","Finsbury Park, Islington","31 Oct 2009","","Greater London","/wiki/Finsbury_Park","51.5711111111111","-0.100833333333333"
"129","Foots Cray Meadows parkrun","Foots Cray Meadows, Bexley","21 Jul 2018","","Greater London","/wiki/Foots_Cray_Meadows","51.4258333333333","0.127222222222222"
"130","Fulham Palace parkrun","Bishops Park, Hammersmith and Fulham","19 Oct 2013","","Greater London","/wiki/Bishops_Park","51.4705555555556","-0.216111111111111"
"131","Gladstone parkrun","","30 Jun 2012","","Greater London",NA,"",""
"132","Greenwich parkrun","","6 Mar 2010","","Greater London",NA,"",""
"133","Grovelands parkrun","","24 Jul 2010","","Greater London",NA,"",""
"134","Gunnersbury parkrun","","29 Oct 2011","","Greater London",NA,"",""
"135","Hackney Marshes parkrun","","29 May 2010","","Greater London",NA,"",""
"136","Hampstead Heath parkrun","","14 May 2011","","Greater London",NA,"",""
"137","Harrow parkrun","","9 May 2015","","Greater London",NA,"",""
"138","Harrow Lodge parkrun","","12 Jan 2013","","Greater London",NA,"",""
"139","Highbury Fields parkrun","","12 Nov 2011","A five lap course.","Greater London",NA,"",""
"140","Hilly Fields parkrun","","8 Sep 2012","","Greater London",NA,"",""
"141","Hoblingwell parkrun","","15 Jul 2017","","Greater London",NA,"",""
"142","Kingston parkrun","","20 Mar 2010","","Greater London",NA,"",""
"143","Lloyd parkrun","","23 Oct 2010","","Greater London",NA,"",""
"144","Mile End parkrun","Mile End Park, Tower Hamlets","4 Feb 2012","A 2 lap course, all on paths","Greater London","/wiki/Mile_End_Park","51.5261111111111","-0.0375"
"145","Northala Fields parkrun","","21 Jun 2014","","Greater London",NA,"",""
"146","Oak Hill parkrun","Oak Hill Park Barnet","27 Aug 2011","2 and 3/4 Laps, all on paths","Greater London",NA,"",""
"147","Old Deer Park parkrun","","21 Aug 2010","A three-lap course, almost all on grass","Greater London",NA,"",""
"148","Orpington parkrun","","15 Sep 2012","","Greater London",NA,"",""
"149","Osterley parkrun","","31 Aug 2013","","Greater London",NA,"",""
"150","Peckham Rye parkrun","","21 Jun 2014","","Greater London",NA,"",""
"151","Pymmes parkrun","","9 Apr 2011","","Greater London",NA,"",""
"152","Raphael parkrun","","2 May 2015","","Greater London",NA,"",""
"153","Richmond parkrun","","20 Oct 2007","","Greater London",NA,"",""
"154","Riddlesdown parkrun","","2 Jul 2011","","Greater London",NA,"",""
"155","Roundshaw Downs parkrun","","18 Jul 2009","","Greater London",NA,"",""
"156","South Norwood parkrun","","8 Jul 2017","","Greater London",NA,"",""
"157","Southwark parkrun","","7 Sep 2013","","Greater London",NA,"",""
"158","Tooting Common parkrun","","30 Jan 2016","Achieved after an 18-month campaign against council policy, and a 6-month trial period","Greater London",NA,"",""
"159","Valentines parkrun","","19 Feb 2011","","Greater London",NA,"",""
"160","Victoria Dock parkrun","","17 Mar 2018","","Greater London",NA,"",""
"161","Walthamstow parkrun","","26 Jan 2013","","Greater London",NA,"",""
"162","Wanstead Flats parkrun","","21 May 2011","","Greater London",NA,"",""
"163","Wimbledon Common parkrun","","6 Jan 2007","The second ever parkrun, after Bushy Park","Greater London",NA,"",""
"164","Wormwood Scrubs	parkrun","","11 Jun 2011","","Greater London",NA,"",""
"165","Albert Parkrun","Middlesbrough, North East","31 May 2008","In Grade II listed Albert Park, opened in 1868 and named after Prince Albert","North East England","/wiki/Middlesbrough","54.5766666666667","-1.23555555555556"
"166","Blackhill Parkrun","Consett, County Durham","13 Jul 2013","Located at Blackhill and Consett Heritage Park","North East England","/wiki/Consett","54.85","-1.83333333333333"
"167","Blyth Links Parkrun","Blyth, Northumberland","20 April 2019","A two and a half lap course on Blyth seafront on tarmac and concrete paths","North East England","/wiki/Blyth","",""
"168","Darlington South Park Parkrun","Darlington, County Durham","15 Dec 2012","At South Park comprising three laps starting at the bowling greens","North East England","/wiki/Darlington","54.5269444444444","-1.5525"
"169","Druridge Bay Parkrun","Morpeth, Northumberland","9 Aug 2014","Two laps of Ladyburn Lake in Druridge Bay country park","North East England","/wiki/Morpeth,_Northumberland","55.1630555555556","-1.67805555555556"
"170","Durham	Parkrun","Durham, County Durham","13 Aug 2011","Starts near the athletics track at Graham Sports Centre","North East England","/wiki/Durham,_England","54.7761111111111","-1.57333333333333"
"171","Flatts Lane Parkrun","Normanby, North East","16 Sep 2017","In Flatts Lane Country Park","North East England","/wiki/Normanby,_Redcar_and_Cleveland","54.5569444444444","-1.15694444444444"
"172","Gateshead Parkrun","Gateshead, Tyne and Wear","18 Feb 2012","In Saltwell Park, opened in 1876 and with eleven listed buildings[77]","North East England","/wiki/Gateshead","54.95","-1.6"
"173","Gibside Parkrun","Gateshead, Tyne and Wear","22 Feb 2014","At the National Trust's Gibside","North East England","/wiki/Gateshead","54.95","-1.6"
"174","Hackworth Parkrun","Shildon, County Durham","9 Mar 2013","At Hackworth Park","North East England","/wiki/Shildon","54.6333333333333","-1.65"
"175","Hartlepool Parkrun","Hartlepool, County Durham","26 Apr 2014","An out and back along the promenade","North East England","/wiki/Hartlepool","54.6833333333333","-1.21666666666667"
"176","Newbiggin-by-the-Sea Parkrun","Newbiggin, Northumberland","14 Oct 2017","Two laps of the bay along the promenade","North East England","/wiki/Newbiggin-by-the-Sea","55.1830555555556","-1.515"
"177","Newcastle Parkrun","Newcastle, Tyne and Wear","16 Jan 2010","In Exhibition Park","North East England","/wiki/Newcastle_upon_Tyne","54.9666666666667","-1.6"
"178","Prudhoe Riverside Parkrun","Prudhoe, Northumberland","12 Nov 2016","Run along the River Tyne","North East England","/wiki/Prudhoe","54.9611111111111","-1.84888888888889"
"179","Redcar Parkrun","Redcar, North East","28 Apr 2012","At Locke Park mainly on footpaths","North East England","/wiki/Redcar","54.6186111111111","-1.06861111111111"
"180","Rising Sun Parkrun","Newcastle, Tyne and Wear","4 Jun 2016","In The Rising Sun Country Park","North East England","/wiki/Newcastle_upon_Tyne","54.9666666666667","-1.6"
"181","Riverside Parkrun","Chester-le-Street, Durham","14 Jul 2012","Encompasses laps along the River Wear","North East England","/wiki/Chester-le-Street","54.8594444444444","-1.57"
"182","Sedgefield Parkrun","Sedgefield, County Durham","17 Mar 2012","At Hardwick Hall Country Park with two laps of Serpentine Lake","North East England","/wiki/Sedgefield","54.65","-1.45"
"183","South Shields Parkrun","South Shields, Tyne and Wear","20 Apr 2013","Run along the scenic[81] coastal path and promenade","North East England","/wiki/South_Shields","54.9919444444444","-1.42888888888889"
"184","Stewart Parkrun","Middlesbrough, County Durham","7 Jul 2012","In Stewart Park the birthplace of Captain James Cook with the museum nearby","North East England","/wiki/Middlesbrough","54.5766666666667","-1.23555555555556"
"185","Sunderland Parkrun","Sunderland, Tyne and Wear","10 Oct 2009","Located at Silksworth Sports Complex","North East England","/wiki/City_of_Sunderland","54.91","-1.385"
"186","Tees Barrage Parkrun","Teesside, North East","23 Jun 2012","Along the River Tees starting at the Tees Barrage International White Water Course","North East England","/wiki/Teesside","54.5888888888889","-1.1875"
"187","The Pastures","Alnwick, Northumberland","12 Jan 2019","Along north bank of the River Aln, with views of Alnwick Castle.","North East England","/wiki/Alnwick","55.4133333333333","-1.70694444444444"
"188","Whitley Bay Parkrun","Whitley Bay, Northumberland","16 Jun 2012","Run along the promenade","North East England","/wiki/Whitley_Bay","55.0455555555556","-1.44416666666667"
"189","Windy Nook Parkrun","Windy Nook, Tyne and Wear","2 Dec 2017","Located at Windy Nook Nature Reserve","North East England","/wiki/Windy_Nook","54.9383333333333","-1.57083333333333"
"190","Barrow Parkrun","Barrow-In-Furness, Cumbria","24 Sep 2011","An undulating two and a half laps of Barrow Park","North West England","/wiki/Barrow-In-Furness","54.1108333333333","-3.22611111111111"
"191","Birkenhead Parkrun","Birkenhead, Merseyside","18 July 2017","In Birkenhead Park, the first publicly funded Urban park in the world[87][88]","North West England","/wiki/Birkenhead","53.3930555555556","-3.01388888888889"
"192","Black Combe Parkrun","Not applicable","4 Nov 2017","Takes place within the closed grounds of HM Prison Haverigg[90]","North West England",NA,"",""
"193","Blackpool Parkrun","Blackpool, Lancashire","4 Feb 2017","In historic and Grade II* listed Stanley Park","North West England","/wiki/Blackpool","53.8141666666667","-3.05027777777778"
"194","Bolton Parkrun","Bolton, Greater Manchester","5 Feb 2011","In Leverhulme Park which was donated to the town by Lord Leverhulme","North West England","/wiki/Bolton","53.5780555555556","-2.42888888888889"
"195","Bramhall Parkrun","Bramhall, Greater Manchester","19 Apr 2008","Two laps inside Bramhall Park","North West England","/wiki/Bramhall","53.3569444444444","-2.16388888888889"
"196","Burnage Parkrun","Burnage, Manchester","21 July 2012","At Varley Park, running partly along the River Mersey","North West England","/wiki/Burnage","53.4258333333333","-2.21083333333333"
"197","Burnley Parkrun","Burnley, Lancashire","2 Jun 2012","Starts outside Townley Hall","North West England","/wiki/Burnley","53.7888888888889","-2.24805555555556"
"198","Carlisle Parkrun","Carlisle, Cumbria","19 Jan 2013","In Chances Park starting behind Morton Manor","North West England","/wiki/Carlisle,_Cumbria","54.8911111111111","-2.94388888888889"
"199","Chadderton Hall parkrun","Chadderton, Greater Manchester","23 Apr 2016","In Chadderton Hall Park","North West England","/wiki/Chadderton","53.5461111111111","-2.1425"
"200","Cheadle Hulme parkrun","Cheadle Hulme, Gtr Man","28 Jun 2014","Three laps of Bruntwood Park on grass","North West England","/wiki/Cheadle_Hulme","53.3761111111111","-2.18972222222222"
"201","Chester Parkrun","Chester, Cheshire","9 July 2016","In the Countess of Chester Hospital country park","North West England","/wiki/Chester","53.1833333333333","-2.88333333333333"
"202","Clitheroe Castle Parkrun","Clitheroe, Lancs","19 May 2018","Held in the Clitheroe Castle Gardens in front of the 12th century castle. The run is entirely on tarmac paths","North West England","/wiki/Clitheroe","53.8711111111111","-2.39166666666667"
"203","Congleton Parkrun","Congleton, Cheshire","15 Dec 2012","Three laps around Astbury Mere","North West England","/wiki/Congleton","53.1619444444444","-2.21694444444444"
"204","Crewe Parkrun","Crewe, Cheshire","17 Feb 2018","In Queens Park, originally designed by Edward Kemp","North West England","/wiki/Crewe","53.0988888888889","-2.44"
"205","Crosby Parkrun","Crosby, Merseyside","14 Nov 2015","At Crosby Beach passing Sir Antony Gormley's acclaimed sculpture Another Place","North West England","/wiki/Crosby,_Merseyside","53.4872222222222","-3.03416666666667"
"206","Croxteth Hall Parkrun","Croxteth, Merseyside","14 Mar 2015","At historic Croxteth Hall with a single flat lap","North West England","/wiki/Croxteth","53.4480555555556","-2.9075"
"207","Cuerden Valley Parkrun","Bamber Bridge, Lancashire","10 Aug 2013","In the grounds of Cuerden Hall","North West England","/wiki/Bamber_Bridge","53.7280555555556","-2.66055555555556"
"208","Delamere Parkrun","Delamere, Cheshire","2 Mar 2013","One lap of Blakemere Moss in Delamere Forest","North West England","/wiki/Delamere,_Cheshire","53.1333333333333","-2.4"
"209","Fell Foot Parkrun","Windermere, Cumbria","18 Oct 2014","At The National Trust managed Fell Foot Park besides Lake Windermere[93]","North West England","/wiki/Windermere","54.3583333333333","-2.93611111111111"
"210","Fletcher Moss Parkrun","Didsbury, Manchester","17 Nov 2018","One long lap and one short lap around Millgate Fields in Fletcher Moss Park[94][95]","North West England","/wiki/Didsbury","53.4166666666667","-2.23111111111111"
"211","Haigh Woodland Parkrun","Haigh, Greater Manchester","31 Oct 2015","At Haigh Hall and goes through Haigh Woods","North West England","/wiki/Haigh,_Greater_Manchester","53.5761111111111","-2.595"
"212","Heaton Park Parkrun","Manchester, Greater Manchester","20 Jun 2009","In the Grade II listed Heaton Park and starts outside Heaton Hall","North West England","/wiki/Manchester","53.4794444444444","-2.24527777777778"
"213","Hyde Parkrun","Hyde, Greater Manchester","7 Jan 2017","Three laps of Hyde Park, Tameside, starting at the bandstand","North West England","/wiki/Hyde,_Greater_Manchester","53.4475","-2.08194444444444"
"214","Hyndburn Parkrun","Accrington, Lancashire","21 Oct 2017","At Wilson Playing Fields, Clayton-le-Moors, Accrington","North West England","/wiki/Accrington","53.7533333333333","-2.36388888888889"
"215","Keswick	 Parkrun","Keswick, Cumbria","4 Apr 2014","Runs along the disused Keswick Railway path with views of the River Greta","North West England","/wiki/Keswick,_Cumbria","54.6","-3.12916666666667"
"216","Kew Woods Parkrun","Kew, Merseyside","15 Dec 2018","Two laps of Kew Woods on a mixture of tarmac and trail. Undulating in parts.","North West England","/wiki/Kew,_Merseyside","53.63","-2.97805555555556"
"217","Knowsley Parkrun","Knowsley, Merseyside","10 Dec 2016","Two laps of Stadt Moers Park on trail and grass","North West England","/wiki/Knowsley,_Merseyside","53.4497222222222","-2.85"
"218","Lancaster Parkrun","Lancaster, Lancashire","9 Jan 2016","In Williamson Park created by James Williamson","North West England","/wiki/Lancaster,_Lancashire","54.0469444444444","-2.80111111111111"
"219","Lyme Park Parkrun","Disley, Cheshire","22 Feb 2014","At Grade I listed Lyme Park with views of the surrounding countryside[96][97]","North West England","/wiki/Disley","53.3569444444444","-2.04305555555556"
"220","Lytham Hall Parkrun","Lytham, Lancashire","28 Nov 2015","In the grounds of Grade I listed Lytham Hall","North West England","/wiki/Lytham","53.7425","-2.99694444444444"
"221","Macclesfield Parkrun","Macclesfield, Cheshire","28 Apr 2018","In the grounds of the Historic South Park in the centre of Macclesfield.","North West England","/wiki/Macclesfield","53.2580555555556","-2.1275"
"222","Marple Parkrun","Marple, Greater Manchester","26 May 2012","At Brabyns Park, a conservation area, mostly on grass and trail","North West England","/wiki/Marple,_Greater_Manchester","53.3969444444444","-2.06111111111111"
"223","Millom Parkrun","Millom, Cumbria","17 Dec 2016","A slow run due to mud and amongst the lowest average weekly participation","North West England","/wiki/Millom","54.2097222222222","-3.27027777777778"
"224","Nobles Parkrun","Douglas, Isle of Man","21 Oct 2017","The only Parkrun on the Isle of Man","North West England","/wiki/Douglas,_Isle_of_Man","54.145","-4.48194444444444"
"225","Northwich Parkrun","Northwich, Cheshire","31 Mar 2018","In Carey park near to the Anderton Boat Lift and Marbury Country Park","North West England","/wiki/Northwich","53.2588888888889","-2.51805555555556"
"226","Oldham	Parkrun","Oldham, Greater Manchester","24 Jul 2010","Three laps of Alexandra Park starting at the Lion's Den","North West England","/wiki/Oldham","53.5444444444444","-2.11694444444444"
"227","Ormskirk Parkrun","Ormskirk, Lancashire","29 Mar 2014","At Edge Hill University","North West England","/wiki/Ormskirk","53.5663888888889","-2.88694444444444"
"228","Pendle	Parkrun","Colne, Lancashire","10 May 2014","On Holt House playing fields, the home ground of Colne F.C.","North West England","/wiki/Colne","53.8552777777778","-2.17555555555556"
"229","Pennington Flash parkrun","Leigh, Greater Manchester","12 Mar 2011","At Pennington Flash Country Park, known for bird watching","North West England","/wiki/Leigh,_Greater_Manchester","53.4975","-2.515"
"230","Penrith	Parkrun","Penrith, Cumbria","8 Feb 2014","Starts at Frenchfield Sports Centre and passes Brougham Castle","North West England","/wiki/Penrith,_Cumbria","54.6647222222222","-2.75472222222222"
"231","Phoenix Parkrun","Runcorn, Cheshire","28 Jan 2017","At Phoenix Park adjacent to the 12th Century and Grade I Listed Norton Priory","North West England","/wiki/Runcorn","53.3411111111111","-2.72888888888889"
"232","Preston Parkrun","Preston, Lancashire","12 May 2012","In Avenham Park, a Grade II* listed park unchanged since 1861[98]","North West England","/wiki/Preston,_Lancashire","53.7588888888889","-2.69888888888889"
"233","Princes Parkrun","Liverpool, Merseyside","26 Nov 2011","Two laps of Prince's Park with Grade I listed Sefton Park half a mile away","North West England","/wiki/Liverpool","53.4","-2.98333333333333"
"234","Sale Water Parkrun","Sale, Greater Manchester","7 Oct 2017","At Sale Water Park which offers water sports and a wildlife refuge","North West England","/wiki/Sale,_Greater_Manchester","53.4238888888889","-2.32194444444444"
"235","South Manchester parkrun","Fallowfield, Manchester","14 Nov 2009","At Platt Fields Park containing a Boating Lake and Costume Gallery","North West England","/wiki/Fallowfield","53.4425","-2.21861111111111"
"236","Southport Parkrun","Southport, Lancashire","11 Jun 2016","Three laps of Hesketh Park on tarmac footpaths","North West England","/wiki/Southport","53.6475","-3.00527777777778"
"237","St Helens Parkrun","St Helens, Merseyside","5 Jul 2014","At Victoria Park, St Helens","North West England","/wiki/St_Helens,_Merseyside","53.4541666666667","-2.74611111111111"
"238","Stamford Park Parkrun","Stalybridge, Greater Manchester","2 May 2015","Two laps of Stamford Park boating lake","North West England","/wiki/Stalybridge","53.4833333333333","-2.04"
"239","Stretford Parkrun","Stretford, Greater Manchester","14 Nov 2015","At Longford Park next to Trafford Athletic Stadium","North West England","/wiki/Stretford","53.4466666666667","-2.30861111111111"
"240","Warrington Parkrun","Warrington, Cheshire","25 Jan 2014","In Victoria Park with views of the Manchester Ship Canal [99]","North West England","/wiki/Warrington","53.3916666666667","-2.59722222222222"
"241","Watergrove Parkrun","Wardle, Greater Manchester","7 Jun 2014","A hilly run with views of Watergrove Reservoir, Rochdale and Manchester[100]","North West England","/wiki/Wardle,_Greater_Manchester","53.6469444444444","-2.13194444444444"
"242","Whinlatter Forest Parkrun","Whinlatter, Cumbria","13 Jan 2018","A hilly trail run through Whinlatter Forest Park with views of Derwentwater[101]","North West England","/wiki/Whinlatter","54.6138888888889","-3.25194444444444"
"243","Widnes Parkrun","Widnes, Chehishre","17 Jan 2015","Three Laps of Victoria Park starting at the bandstand","North West England","/wiki/Widnes","53.3630555555556","-2.72805555555556"
"244","Wilmslow Parkrun","Wilmslow, Cheshire","11 Apr 2015","In The Carrs Park, two miles from Quarry Bank Mill[102]","North West England","/wiki/Wilmslow","53.325","-2.23888888888889"
"245","Witton Parkrun","Blackburn, Lancashire","29 Aug 2015","In Witton Country Park","North West England","/wiki/Blackburn","53.745","-2.47694444444444"
"246","Woodbank Parkrun","Stockport, Greater Manchester","22 Aug 2009","In Woodbank Park and crosses into neighbouring Vernon Park","North West England","/wiki/Stockport","53.4083333333333","-2.14944444444444"
"247","Workington Parkrun","Workington, Cumbria","22 Jun 2013","An out and back taking in Siddick Ponds Nature reserve","North West England","/wiki/Workington","54.6363888888889","-3.555"
"248","Worsley Woods Parkrun","Salford, Greater Manchester","3 Mar 2012","At Broadoak Park and Worsley Woods","North West England","/wiki/Salford,_Greater_Manchester","53.4830555555556","-2.29305555555556"
"249","Wythenshawe Parkrun","Wythenshawe, Manchester","6 Aug 2011","In Wythenshawe Park starting at Wythenshawe Hall","North West England","/wiki/Wythenshawe","53.3919444444444","-2.26388888888889"
"250","Antrim Parkrun","Antrim, County Antrim","28 Sept 2013","At Loughshore Park, adjacent to Antrim Castle gardens and run on gravel and bitmac paths","Northern Ireland","/wiki/Antrim,_County_Antrim","54.7172222222222","-6.20555555555556"
"251","Armagh Parkrun","Armagh, County Armagh","12 Oct 2013","At Palace Demesne Public Park on a mixture of natural woodland, tarmac paths and grass","Northern Ireland","/wiki/Armagh","54.35","-6.65472222222222"
"252","Bangor Parkrun","Bangor, County Down","29 Mar 2014","At Ward Park run entirely on bitmac paths","Northern Ireland","/wiki/Bangor,_County_Down","54.6666666666667","-5.66666666666667"
"253","Belfast Victoria Parkrun","Belfast, Northern Ireland","7 May 2011","At Victoria Park comprising three outer laps of the lake on tarmac and trail paths","Northern Ireland","/wiki/Belfast","54.5963888888889","-5.93"
"254","Carrickfergus	Parkrun","Amphitheatre Wellness Centre","01/02/2014","Run on a mixture of tarmac paths and trail paths","Northern Ireland",NA,"",""
"255","Castlewellan	Parkrun","Castlewellan Forest Park","23/09/2017","The course is run entirely on trail paths","Northern Ireland",NA,"",""
"256","Citypark	Parkrun","Citypark Park, Craigavon","11/08/2012","Run on relatively level bitmac paths","Northern Ireland",NA,"",""
"257","Colin Glen	Parkrun","Colin Glen Forest Park","10/10/2015","Run on a mixture of tarmac paths and metal bridge","Northern Ireland",NA,"",""
"258","Comber	Parkrun","Parkway, Comber","31/05/2014","The course is run on a mixture of tarmac paths and gravel paths","Northern Ireland",NA,"",""
"259","Derry City	Parkrun","City Centre, adjacent to the River Foyle","29/06/2013","Run on a mixture of paving and bitmac paths","Northern Ireland",NA,"",""
"260","Dungannon Park	Parkrun","Dungannon Park, Dungannon","18/08/2018","Run on a mixture of concrete paths, gravel paths and trail paths","Northern Ireland",NA,"",""
"261","Ecos	Parkrun","Ecos Park, Ballymena","31/03/2012","Run mainly on tarmac footpaths","Northern Ireland",NA,"",""
"262","Enniskillen	Parkrun","Fermanagh Lakeland Forum, Enniskillen","13/04/2013","Run on a mixture of tarmac paths, gravel paths, trail paths, concrete paths and gravel running track","Northern Ireland",NA,"",""
"263","Falls	Parkrun","Falls Park, Falls Road","26/05/2012","Run entirely on tarmac footpaths","Northern Ireland",NA,"",""
"264","Larne	Parkrun","Carnfunnock Country Park","09/11/2013","Run on a mixture of tarmac paths, gravel paths and trail paths","Northern Ireland",NA,"",""
"265","Lower Drummans Parkrun","Magilligan Prison","06/01/2018","This event takes place within the grounds of a closed prison, and as such is currently not accessible to members of the public","Northern Ireland",NA,"",""
"266","Limavady	Parkrun","Blackburn Park, Limavady","28/03/2015","course is run entirely on tarmac paths","Northern Ireland",NA,"",""
"267","MUSA Cookstown	Parkrun","Loughry Campus, Cookstown","18/05/2013","The course is run entirely on tarmac paths","Northern Ireland",NA,"",""
"268","Omagh	Parkrun","Omagh Leisure Complex, Omagh","08/10/2016","The course is run on a mixture of running track , tarmac paths and grass","Northern Ireland",NA,"",""
"269","Orangefield	Parkrun","Orangefield & Greenville Park","04/08/2018","Course is run on a mixture of concrete paths and trail paths","Northern Ireland",NA,"",""
"270","Ormeau	Parkrun","Ormeau Park, Ormeau Road,","22/06/2013","The course is run entirely on bitmac path","Northern Ireland",NA,"",""
"271","Portrush	Parkrun","East Strand Beach, Portrush","08/09/2012","This is the first beach parkrun in the world which is run entirely on the sand. It is a there-and-back course that starts at one end of the beach voted Britain's best Parkrun in 2017","Northern Ireland",NA,"",""
"272","Queens	Parkrun","Queen's University Sport at Upper Malone","25/02/2012","run on a gravel surface","Northern Ireland",NA,"",""
"273","Rostrevor	Parkrun","Kilbroney Park, Rostrevor","26/11/2016","course is run on a mixture of tarmac paths and trail paths","Northern Ireland",NA,"",""
"274","Stormont	Parkrun","Stormont Estate, Belfast","29/08/2015","The course is run on a mixture of tarmac paths, gravel paths and trail paths","Northern Ireland",NA,"",""
"275","Stranmillis	Parkrun","Stranmillis University College, Belfast","02/02/2019","The course is run entirely on tarmac paths","Northern Ireland",NA,"",""
"276","Valley	Parkrun","Valley Leisure Centre, Newtownabbey","09/08/2014","The course is run entirely on tarmac paths","Northern Ireland",NA,"",""
"277","Wallace	Parkrun","Wallace Park, Lisburn","02/03/2013","The course is run entirely on tarmac paths","Northern Ireland",NA,"",""
"278","Waterworks	Parkrun","Waterworks Park","06/11/2010","The course is run entirely on tarmac paths","Northern Ireland",NA,"",""
"279","Aberdeen Parkrun","Aberdeen","8 Oct 2011","The course is an out and back route, along Aberdeen Beach Esplenade.","Scotland","/wiki/Aberdeen","57.15","-2.11666666666667"
"280","Alness Parkrun","Alness, Highland","26 Aug 2017","At Crawl Park on grass and trail paths","Scotland","/wiki/Alness","57.695","-4.25805555555556"
"281","Aviemore Parkrun","Aviemore, Highland","6 May 2017","An undulating out and back course on a scenic stretch of the Speyside Way","Scotland","/wiki/Aviemore","57.1938888888889","-3.82305555555556"
"282","Ayr Parkrun","Ayr, South Ayrshire","20 Sep 2014","At Rozelle Park","Scotland","/wiki/Ayr","55.4586111111111","-4.62916666666667"
"283","Bressay Parkrun","Bressay, Shetland","20 Jan 2018","An out and back on tarmac paths","Scotland","/wiki/Bressay","60.15","-1.08333333333333"
"284","Camperdown Parkrun","Camperdown, Dundee","19 May 2012","Takes place in Camperdown Country Park.","Scotland","/wiki/Camperdown,_Dundee","56.4838888888889","-3.04416666666667"
"285","Crathes Castle Parkrun","Banchory, Aberdeenshire","9 February 2019","Takes place in the grounds of National Trust for Scotland property Crathes Castle.","Scotland","/wiki/Banchory","57.055","-2.49"
"286","Crichton Parkrun","Dumfries, Dumfries and Galloway","6 Jan 2018","Run at The Crichton starting near the memorial church","Scotland","/wiki/Dumfries","55.07","-3.60305555555556"
"287","Drumchapel Parkrun","Drumchapel, Glasgow","4 Jun 2016","Takes place in Garscadden Woods, a  Forestry Commission Scotland protected woodland.","Scotland","/wiki/Drumchapel","55.905","-4.36083333333333"
"288","Dunfermline Parkrun","Dunfermline, Fife","4 Jul 2015","The course is 3 laps, located in Pittencrieff Park.","Scotland","/wiki/Dunfermline","56.0719444444444","-3.43916666666667"
"289","Edinburgh Parkrun","Cramond, Edinburgh","17 Oct 2009","The course is an out and back along Cramond Promenade.","Scotland","/wiki/Cramond","55.9883333333333","-3.30111111111111"
"290","Eglinton Parkrun","Irvine, North Ayrshire","16 Mar 2013","The course is located in Eglinton Country Park.","Scotland","/wiki/Irvine,_North_Ayrshire","55.62","-4.66138888888889"
"291","Elgin Parkrun","Elgin, Moray","5 Mar 2016","","Scotland","/wiki/Elgin,_Moray","57.65","-3.315"
"292","Ellon Parkrun","Ellon, Aberdeenshire","17 Oct 2017","","Scotland","/wiki/Ellon,_Aberdeenshire","57.3661111111111","-2.08611111111111"
"293","Falkirk Parkrun","Falkirk, Falkirk","16 Jul 2011","The course is located in Callendar Park.","Scotland","/wiki/Falkirk","56.0011111111111","-3.78361111111111"
"294","Fort William Parkrun","Fort William, Highland","7 Apr 2018","","Scotland","/wiki/Fort_William,_Highland","56.8197222222222","-5.10527777777778"
"295","Ganavan Sands Parkrun","Oban, Argyll and Bute","20 Aug 2016","","Scotland","/wiki/Oban","56.4119444444444","-5.47194444444444"
"296","Girvan Prom Parkrun","Girvan, South Ayrshire","28 Jul 2018","","Scotland","/wiki/Girvan","55.2383333333333","-4.85611111111111"
"297","Greenock Parkrun","Greenock, Inverclyde","17 May 2014","The course is located on Greenock Esplanade.","Scotland","/wiki/Greenock","55.95","-4.765"
"298","Hay Lodge Parkrun","Peebles, Scottish Borders","3 Nov 2018","Three laps of Hay Lodge Park.","Scotland","/wiki/Peebles","55.65","-3.18333333333333"
"299","Hazlehead Parkrun","Hazlehead, Aberdeen","16 Aug 2014","","Scotland","/wiki/Hazlehead,_Aberdeen","57.1377777777778","-2.18138888888889"
"300","Inverness Parkrun","Inverness, Highland","3 Sep 2011","","Scotland","/wiki/Inverness","57.4716666666667","-4.22527777777778"
"301","Kirkcaldy Parkrun","Kirkcaldy, Fife","14 Feb 2015","","Scotland","/wiki/Kirkcaldy","56.1108333333333","-3.1675"
"302","Kirkwall Parkrun","Kirkwall, Orkney","21 Apr 2018","","Scotland","/wiki/Kirkwall","58.9811111111111","-2.96"
"303","Lanark Moor Parkrun","Lanark, South Lanarkshire","11 Aug 2018","The course is 2 loops, one of Lanark Loch and the other of Lanark Moor Cycle Trail, located in Lanark Moor Country Park, next to Lanark Racecourse.","Scotland","/wiki/Lanark","55.675","-3.77694444444444"
"304","Linwood Parkrun","Linwood, Renfrewshire","9 Jul 2016","","Scotland","/wiki/Linwood,_Renfrewshire","55.8469444444444","-4.50194444444444"
"305","Livingston Parkrun","Livingston, West Lothian","9 Jan 2016","The course is located in Almondvale Park.","Scotland","/wiki/Livingston,_West_Lothian","55.8833333333333","-3.51583333333333"
"306","Loch Leven Parkrun","Kinross, Perth and Kinross","11 Aug 2018","The course is 2 and a half loops on Loch Leven Heriatge Trail, between Loch Leven and the village of Wester Balgedie.","Scotland","/wiki/Kinross","56.2","-3.41666666666667"
"307","Lochend Woods Parkrun","Dunbar, East Lothian","23 March 2019","The course is two laps from Hallhill Sports Centre through Lochend Woods in Dunbar.","Scotland","/wiki/Dunbar","56.0027777777778","-2.51694444444444"
"308","Lochore Meadows Parkrun","Lochore, Fife","19 May 2018","The course is around Loch Ore, located in Lochore Meadows Country Park.","Scotland","/wiki/Lochore","56.1558333333333","-3.32333333333333"
"309","Meadowmill Parkrun","Tranent, East Lothian","9 February 2019","The course is two laps around Meadowmill Sports Centre, between Tranent and Prestonpans.","Scotland","/wiki/Tranent","55.945","-2.95388888888889"
"310","Montrose Parkrun","Montrose, Angus","8 Jul 2017","","Scotland","/wiki/Montrose,_Angus","56.7080555555556","-2.46694444444444"
"311","Perth Parkrun","Perth, Perth and Kinross","30 Nov 2013","The course is a lollypop shaped course along the lovely river Tay. It is very flat, mainly on paths with a section on firm grass.","Scotland","/wiki/Perth,_Scotland","56.3969444444444","-3.43694444444444"
"312","Plean Parkrun","Plean, Stirling","18 Nov 2017","","Scotland","/wiki/Plean","56.0611111111111","-3.87111111111111"
"313","Pollok Parkrun","Pollok, Glasgow","6 Dec 2008","The course is located in Pollok Country Park.","Scotland","/wiki/Pollok","55.8247222222222","-4.3525"
"314","Portobello Parkrun","Portobello, Edinburgh","18 Apr 2015","Three laps of Figgate Park.","Scotland","/wiki/Portobello,_Edinburgh","55.9530555555556","-3.11388888888889"
"315","Ruchill Parkrun","Ruchill, Glasgow","15 Apr 2017","The course is two and a half laps of the renowned whale-shaped route in Ruchill Park.","Scotland","/wiki/Ruchill","55.8869444444444","-4.27027777777778"
"316","Springburn Parkrun","Springburn, Glasgow","10 May 2014","","Scotland","/wiki/Springburn","55.8830555555556","-4.22861111111111"
"317","St Andrews Parkrun","St Andrews, Fife","21 Apr 2012","The course is three laps of the park perimeter, located in Craigtoun Country Park.","Scotland","/wiki/St_Andrews","56.3402777777778","-2.79555555555556"
"318","Stonehaven Parkrun","Stonehaven, Aberdeenshire","10 Sep 2016","The course consists of 3 anti-clockwise laps of Mineralwell Park.","Scotland","/wiki/Stonehaven","56.9638888888889","-2.21111111111111"
"319","Strathclyde Parkrun","Motherwell, South Lanarkshire","10 Apr 2010","The course is located in Strathclyde Country Park.","Scotland","/wiki/Motherwell","55.7838888888889","-3.98527777777778"
"320","Thurso Parkrun","Thurso, Highland","14 Apr 2018","","Scotland","/wiki/Thurso","58.5961111111111","-3.52111111111111"
"321","Tollcross Parkrun","Tollcross, Glasgow","4 May 2013","The course is 2 and a half laps, located in Tollcross Park","Scotland","/wiki/Tollcross,_Glasgow","55.8436111111111","-4.17194444444444"
"322","Troon Parkrun","Troon, South Ayrshire","2 Dec 2017","The course is an out and back route, along Troon South Beach Esplanade.","Scotland","/wiki/Troon","55.5333333333333","-4.66666666666667"
"323","Victoria Parkrun","Whiteinch, Glasgow","12 Oct 2013","The course is 3 laps, located in Victoria Park","Scotland","/wiki/Whiteinch","55.8722222222222","-4.33166666666667"
"324","Vogrie Parkrun","Gorebridge, Midlothian","11 Mar 2017","The course is 2 loops, located in Vogrie Country Park.","Scotland","/wiki/Gorebridge","55.8436111111111","-3.05"
"325","Abingdon parkrun","Abingdon, Oxfordshire","7 May 2011","Two clockwise laps along the Thames Path and around Rye Meadow.","South East England","/wiki/Abingdon-on-Thames","51.6669444444444","-1.28305555555556"
"326","Alice Holt parkrun","Hampshire","17 Nov 2012","","South East England","/wiki/Hampshire","51.0577777777778","-1.30805555555556"
"327","Andover parkrun","Hampshire","16 Jul 2011","","South East England","/wiki/Hampshire","51.0577777777778","-1.30805555555556"
"328","Ashford parkrun","Kent","26 Oct 2013","The course is two laps of the park in an anti-clockwise direction. The course is around the fountain and follows the cycle/footpath for about 1km before veering off to the right in a loop. At the end of the loop, return right along the path keeping to the right and then taking the 2nd right turn which is an S bend with a slight hill back to the start. After two laps, pass the start again and take first left and first left again onto the main park path making a small loop and the finish funnel is on the grass.","South East England",NA,"",""
"329","Aylesbury parkrun","","2 Nov 2013","","South East England",NA,"",""
"330","Banbury parkrun","Spiceball Park","27 Sep 2014","The winter course is 3 laps in an anti-clockwise direction. Whilst most of the course is on path there are a number of off road parts.","South East England",NA,"",""
"331","Banstead Woods parkrun","","16 Jun 2007","This course is just under 2 laps on trail paths, with a steep hill around the half-way point. This is the third oldest parkrun after Wimbledon Common and Bushy Park.","South East England",NA,"",""
"332","Basingstoke parkrun","Hampshire","5 Jul 2008","","South East England","/wiki/Hampshire","51.0577777777778","-1.30805555555556"
"333","Bedgebury Pinetum parkrun","","19 Mar 2016","","South East England",NA,"",""
"334","Bevendean Down parkrun","","6 Feb 2016","","South East England",NA,"",""
"335","Bicester parkrun","","16 Apr 2016","","South East England",NA,"",""
"336","Black Park parkrun","Black Park, near Slough","18 Jul 2009","One lap on trail paths around Black Park Country Park in Wexham, near Slough.","South East England","/wiki/Black_Park","51.5361111111111","-0.547222222222222"
"337","Bognor Regis parkrun","","24 May 2014","","South East England",NA,"",""
"338","Bracknell parkrun","Bracknell, Berkshire","4 Apr 2015","The course is two and a half anti-clockwise laps around playing fields and through woods in Great Hollands Recreation Ground.","South East England","/wiki/Bracknell","51.4161111111111","-0.748888888888889"
"339","Brighton & Hove parkrun","","3 Nov 2007","","South East England",NA,"",""
"340","Brockenhurst parkrun","Hampshire","25 May 2013","","South East England","/wiki/Hampshire","51.0577777777778","-1.30805555555556"
"341","Buckingham parkrun","","17 May 2014","","South East England",NA,"",""
"342","Canterbury parkrun","Kent","15 Mar 2014","","South East England",NA,"",""
"343","Chichester parkrun","","2 Aug 2014","","South East England",NA,"",""
"344","Clair parkrun","","20 Jul 2013","","South East England",NA,"",""
"345","Cranleigh parkrun","","4 Oct 2014","","South East England",NA,"",""
"346","Dartford parkrun","","26 Jul 2014","","South East England",NA,"",""
"347","Dartford Heath parkrun","","12 May 2018","","South East England",NA,"",""
"348","Didcot parkrun","","21 Feb 2015","","South East England",NA,"",""
"349","Dinton Pastures parkrun","Winnersh, Berkshire","14 Jul 2018","The course is two laps on packed gravel and trail paths around the lakes at Dinton Pastures Country Park","South East England","/wiki/Winnersh","51.4280555555556","-0.879444444444444"
"350","East Grinstead parkrun","","9 Sep 2017","","South East England",NA,"",""
"351","Eastbourne parkrun","","28 Jan 2012","","South East England",NA,"",""
"352","Eastleigh parkrun","Hampshire","8 May 2010","","South East England","/wiki/Hampshire","",""
"353","Fareham parkrun","Hampshire","9 Apr 2016","","South East England","/wiki/Hampshire","",""
"354","Folkestone parkrun","Kent","16 Aug 2014","","South East England",NA,"",""
"355","Frimley Lodge parkrun","Frimley Green, Surrey","13 Feb 2010","A two-lap course around the playing fields of Frimley Lodge Park, along the Basingstoke Canal path and on wooded trail paths","South East England","/wiki/Frimley_Green","",""
"356","Great Lines parkrun","","28 Sep 2013","","South East England",NA,"",""
"357","Guildford parkrun","","10 Mar 2012","","South East England",NA,"",""
"358","Harcourt Hill parkrun","","18 Oct 2014","","South East England",NA,"",""
"359","Hastings parkrun","","18 Apr 2015","","South East England",NA,"",""
"360","Havant parkrun","Hampshire","16 Jun 2012","","South East England","/wiki/Hampshire","",""
"361","Hazelwood parkrun","Sunbury-on-Thames, Surrey","17 Mar 2018","A two-lap course around the training pitches of London Irish Rugby Football Club.","South East England","/wiki/Sunbury-on-Thames","",""
"362","Henley-on-Thames parkrun","","1 Jul 2017","","South East England",NA,"",""
"363","Higginson, Marlow parkrun","Marlow, Buckinghamshire","18 Aug 2018","The course is an out and back along the Thames Path starting and finishing in Higginson Park.","South East England","/wiki/Marlow,_Buckinghamshire","",""
"364","Hogmoor Inclosure parkrun","Hampshire","10 Mar 2018","","South East England","/wiki/Hampshire","",""
"365","Homewood parkrun","Ottershaw, Surrey","15 Oct 2016","A three-lap woodland trail course around Ether Hill and Ottershaw Memorial Fields.","South East England","/wiki/Ottershaw","",""
"366","Horsham parkrun","","6 Sep 2014","","South East England",NA,"",""
"367","Hove Promenade parkrun","","11 Jul 2015","","South East England",NA,"",""
"368","Lancing Beach parkrun","","25 Aug 2018","","South East England",NA,"",""
"369","Lee-on-the-Solent parkrun","Hampshire","4 Jul 2015","The course runs in a straight line on the promenade, making 2 u-turns in an 's' shaped run.","South East England","/wiki/Hampshire","",""
"370","Linford Wood parkrun","","16 Jul 2016","","South East England",NA,"",""
"371","Lullingstone parkrun","","11 Apr 2015","","South East England",NA,"",""
"372","Lymington Woodside parkrun","Hampshire","9 Jul 2016","","South East England","/wiki/Hampshire","",""
"373","Maidenhead parkrun","Maidenhead, Berkshire","21 Mar 2015","The course consists of two clockwise laps of the nature reserve in Braywick Park.","South East England","/wiki/Maidenhead","",""
"374","Maidstone parkrun","Kent","13 Apr 2013","","South East England",NA,"",""
"375","Malling parkrun","","3 Oct 2015","","South East England",NA,"",""
"376","Margate parkrun","Kent","27 Apr 2013","","South East England",NA,"",""
"377","Medina I.O.W. parkrun","Isle of Wight","7 May 2011","","South East England",NA,"",""
"378","Milton Keynes parkrun","","16 Jan 2010","Frequently voted the most scenic of all the parkruns, a rare single lap course taking in sights such as the Grand Union Canal, the shores of Willen Lake and a Buddhist peace pagoda.","South East England",NA,"",""
"379","Mole Valley parkrun","","17 Mar 2018","","South East England",NA,"",""
"380","Mountbatten School Parkrun","Romsey, Hampshire","2 Mar 2019","At Mountbatten School, Romsey. Three lap course, almost entirely on grass","South East England","/wiki/Romsey,_Hampshire","",""
"381","Netley Abbey parkrun","Hampshire","17 Mar 2012","","South East England","/wiki/Hampshire","",""
"382","Newbury parkrun","Greenham, Berkshire","11 Feb 2012","One clockwise lap around part of the former airfield at RAF Greenham Common.","South East England","/wiki/Greenham","",""
"383","Nonsuch parkrun","Cheam, Surrey","17 Sep 2011","Nonsuch Park is on the border of London Borough of Sutton and Epsom and Ewell. parkrun classifies the run as in the South East region rather than Greater London.","South East England","/wiki/Cheam","",""
"384","Oxford parkrun","","5 Nov 2011","","South East England",NA,"",""
"385","Peacehaven parkrun","","20 May 2017","","South East England",NA,"",""
"386","Pegwell Bay parkrun","","11 May 2013","Two laps of Pegwell Bay Country Park.  Flat (<3m elevation) gravel paths, slightly muddy in winter but road shoes fine.  Pay parking.  Coffee van on site.  Nearest indoor cafes in Sandwich.","South East England",NA,"",""
"387","Portsmouth Lakeside parkrun","Hampshire","30 Apr 2016","","South East England","/wiki/Hampshire","",""
"388","Preston Park parkrun","","20 Apr 2013","","South East England",NA,"",""
"389","Prospect parkrun","Reading, Berkshire","5 May 2018","Two anticlockwise laps of Prospect Park in west Reading.","South East England","/wiki/Reading,_Berkshire","",""
"390","Queen Elizabeth parkrun","Hampshire","18 May 2013","","South East England","/wiki/Hampshire","",""
"391","Reading parkrun","Reading, Berkshire","12 Sep 2009","The course is run along the Thames Path and then two clockwise laps of the nature reserve in Thames Valley Park before returning along the Thames Path.","South East England","/wiki/Reading,_Berkshire","",""
"392","Reigate Priory parkrun","","22 Mar 2014","","South East England",NA,"",""
"393","Royal Tunbridge Wells parkrun","","26 Apr 2014","","South East England",NA,"",""
"394","Rushmere parkrun","","7 Nov 2014","","South East England",NA,"",""
"395","Rushmoor parkrun","Aldershot, Hampshire","3 May 2014","A two-lap course around the polo fields at Queen's Parade in Aldershot Garrison, with trail paths around the perimeter of the fields, a section alongside the A325 road and the Basingstoke Canal towpath.","South East England","/wiki/Aldershot","",""
"396","Seaford Beach parkrun","","02 Mar 2019","A flat out-and-back along the beach from Bisshopstone to Seaford.","South East England",NA,"",""
"397","Shorne Woods parkrun","","30 Mar 2013","","South East England",NA,"",""
"398","Sittingbourne parkrun","Kent","27 Feb 2016","","South East England",NA,"",""
"399","Southampton parkrun","Hampshire","7 Jul 2012","","South East England","/wiki/Hampshire","",""
"400","Southsea parkrun","Hampshire","5 Nov 2013","","South East England","/wiki/Hampshire","",""
"401","Tilgate parkrun","","9 Jun 2012","","South East England",NA,"",""
"402","Tonbridge parkrun","Kent","9 Nov 2013","","South East England",NA,"",""
"403","Upton Court parkrun","Upton, Slough","24 Nov 2012","Two anticlockwise laps of Upton Court Park with views of Windsor Castle.","South East England","/wiki/Upton,_Slough","",""
"404","Walmer and Deal Seafront parkrun","","15 Sep 2018","PB potential: Flat out-and-back on tarmac. Course runs along seafront prom past two castles (Deal Castle and Walmer Castle), Walmer Lifeboat Station, Deal Timeball Tower and Deal Pier.","South East England",NA,"",""
"405","Wendover Woods parkrun","","15 Sep 2018","A very hilly single lap trail run (mostly gravel) with amazing views.","South East England",NA,"",""
"406","Whiteley parkrun","Whiteley, Hants","1 Apr 2017","Three laps mainly on tarmac paths around Whiteley Meadowside Recreation Ground.","South East England","/wiki/Whiteley","",""
"407","Whitstable parkrun","","6 Nov 2010","","South East England",NA,"",""
"408","Winchester parkrun","Hampshire","27 Apr 2013","","South East England","/wiki/Hampshire","",""
"409","Witney parkrun","","10 Mar 2018","","South East England",NA,"",""
"410","Woking parkrun","","16 Aug 2014","","South East England",NA,"",""
"411","Woodley parkrun","Woodley, Berkshire","13 Oct 2012","Three clockwise laps around the perimeter of Woodford Park.","South East England","/wiki/Woodley,_Berkshire","",""
"412","Worthing parkrun","","11 Jun 2016","","South East England",NA,"",""
"413","Wycombe Rye parkrun","","4 Aug 2012","","South East England",NA,"",""
"414","Ashton Court Parkrun","Bristol, England","23 Apr 2011","In the grounds of Ashton Court on tarmac, stone and gravel paths","South West England","/wiki/Bristol","",""
"415","Barnstaple Parkrun","Barnstaple, Devon","5 Jan 2013","At Rock Park on tarmac paths and suitable for all abilities","South West England","/wiki/Barnstaple","",""
"416","Bath Skyline Parkrun","Bath, Somerset","4 Oct 2014","At Bath Skyline starting near Prior Park Landscape Garden","South West England","/wiki/Bath,_Somerset","",""
"417","Bideford Parkrun","Bideford, Devon","2 Apr 2016","At Victoria Park, starting near Bideford Rugby Club, on grass and tarmac paths","South West England","/wiki/Bideford","",""
"418","Blandford Parkrun","Blandford Forum, Dorset","26 Jul 2014","An out and back run on the North Devon Trailway starting at Jubilee Way","South West England","/wiki/Blandford_Forum","",""
"419","Bournemouth Parkrun","Bournemouth, Dorset","24 Aug 2013","At Kings Park, starting near the athletic stadium and passing A.F.C. Bournemouth","South West England","/wiki/Bournemouth","",""
"420","Burnham and Highbridge Parkrun","Burnham-on-Sea, Somerset","20 Jun 2015","One loop of Apex Park and an out and back along the River Brue","South West England","/wiki/Burnham-on-Sea","",""
"421","Cheltenham Parkrun","Cheltenham, Glos","16 Feb 2013","Three laps around the lake and football field at Pittville Park","South West England","/wiki/Cheltenham","",""
"422","Chippenham Parkrun","Chippenham, Wiltshire","12 Apr 2014","In Monkton Park on a mixture of surfaces, starting at the Olympiad Leisure Centre","South West England","/wiki/Chippenham","",""
"423","Chipping Sodbury Parkrun","Chipping Sodbury, Glos","22 Feb 2014","At The Ridings, run on the playing fields starting near the Rugby Club","South West England","/wiki/Chipping_Sodbury","",""
"424","Cirencester Parkrun","Cirencester, Glos","2 Feb 2018","A flat, scenic three lap course around the grounds of the Royal Agricultural University","South West England","/wiki/Cirencester","",""
"425","Eastville Parkrun","Eastville, Bristol","18 Nov 2017","At Eastville Park, run entirely on permanent footpaths, starting near the entrance","South West England","/wiki/Eastville,_Bristol","",""
"426","Eden Project Parkrun","St Blazey, Cornwall","11 Nov 2017","At the Eden Project, run entirely on permanent paths around the biomes","South West England","/wiki/St_Blazey","",""
"427","Exeter Riverside Parkrun","Exeter, Devon","2 Aug 2014","Starts and finishes at Exeter Quay and runs along Exeter Riverside Valley Park","South West England","/wiki/Exeter","",""
"428","Exmouth	Parkrun","Exmouth, Devon","23 Dec 2017","An out and back entirely along the Esplanade","South West England","/wiki/Exmouth","",""
"429","Fire Service College Parkrun","Moreton-in-Marsh, Gloucestershire","8 Dec 2019","Three Lap flat course in the recreation grounds at the Fire Service College","South West England","/wiki/Moreton-in-Marsh","",""
"430","Forest of Dean	Parkrun","Forest of Dean, Glos","24 Apr 2010","In the forest at Coverham Enclosure Five Acres","South West England","/wiki/Forest_of_Dean","",""
"431","Gloucester City Parkrun","Gloucester, Glos","24 Feb 2018","At Gloucester Park","South West England","/wiki/Gloucester","",""
"432","Gloucester North Parkrun","Gloucester, Glos","10 Jan 2015","At Plock Court Playing Fields near Gloucester Academy","South West England","/wiki/Gloucester","",""
"433","Heartlands Parkrun","Pool, Cornwall","14 Apr 2018","Four laps in the grounds of Heartlands Cornwall staying close to the visitor centre","South West England","/wiki/Pool,_Cornwall","",""
"434","Killerton Parkrun","Broadclyst, Devon","30 Apr 2011","In the grounds of The National Trust's Killerton estate","South West England","/wiki/Broadclyst","",""
"435","Kingsway Parkrun","Gloucester, Gloucs","6 Jun 2015","At Kingsway Manor Farm Park","South West England","/wiki/Gloucester","",""
"436","Lanhydrock Parkrun","Bodmin, Cornwall","18 Jan 2014","One lap in the grounds of The National Trust's Lanhydrock House","South West England","/wiki/Bodmin","",""
"437","Longrun Meadow Parkrun","Taunton, Somerset","5 Oct 2013","Two laps of Longrun Meadow","South West England","/wiki/Taunton","",""
"438","Lydney Parkrun Parkrun","Lydney, Glos","2 Jan 2016","At Lyndney Recreation Ground starting near the boating lake","South West England","/wiki/Lydney","",""
"439","Melksham Parkrun","Melksham, Wiltshire","16 Dec 2017","At King George V Park taking in the River Avon","South West England","/wiki/Melksham","",""
"440","Minehead Parkrun","Minehead, Somerset","13 Aug 2016","Two and a half laps out and back along the promenade","South West England","/wiki/Minehead","",""
"441","Moors Valley Parkrun","Ashley Heath, Dorset","7 Nov 2015","At Moors Valley Country Park, starting near the visitor centre and mostly on gravel","South West England","/wiki/Ashley_Heath","",""
"442","Mount Edgcumbe Parkrun","Cremyll, Cornwall","30 Jan 2016","In the grounds of Mount Edgcumbe House, a stately home","South West England","/wiki/Cremyll","",""
"443","Newent Parkrun","Newent, Glos","9 Mar 2013","At Newent Community School and Forest Leisure Centre","South West England","/wiki/Newent","",""
"444","Parke Parkrun","Bovey Tracey, Devon","5 Apr 2014","In the grounds of Parke, a National Trust estate","South West England","/wiki/Bovey_Tracey","",""
"445","Penrose Parkrun","Penrose, Cornwall","28 Mar 2015","In the grounds of Penrose, a National Trust estate","South West England","/wiki/Penrose,_Cornwall","",""
"446","Plymvalley Parkrun","Plymouth, Devon","22 Sep 2012","At The National Trust's Plymbridge Woods, starting at Plymbridge","South West England","/wiki/Plymouth","",""
"447","Pomphrey Hill Parkrun","Mangotsfield, Glos","1 Mar 2014","Three laps of Pomphrey Hill playing fields","South West England","/wiki/Mangotsfield","",""
"448","Poole Parkrun","Poole, Dorset","2 Apr 2011","A busy run with laps of the boating lake at Poole Park","South West England","/wiki/Poole","",""
"449","Salisbury Parkrun","Salisbury, Wiltshire","6 Jun 2015","At Churchill Gardens","South West England","/wiki/Salisbury","",""
"450","Seaton	Parkrun","Seaton, Devon","12 Nov 2016","At Seaton Esplanade","South West England","/wiki/Seaton,_Devon","",""
"451","Shepton Mallet Parkrun","Shepton Mallet, Somerset","29 Apr 2017","At Collett Park, three laps mostly on gravel","South West England","/wiki/Shepton_Mallet","",""
"452","Somerdale Pavillion Parkrun","Keynsham, Bristol","17 Nov 2018","At the grounds of the old Somerdale Chocolate Factory, two laps all on grass","South West England","/wiki/Keynsham","",""
"453","Southwick Country Park Parkrun","Trowbridge, Wiltshire","3 Sep 2011","Three laps of Southwick Country Park","South West England","/wiki/Trowbridge","",""
"454","Stonehouse Parkrun","Stonehouse, Glos","23 Jul 2016","Four laps on the grass at Oldends Lane Playing Fields","South West England","/wiki/Stonehouse,_Gloucestershire","",""
"455","Street Parkrun","Street, Somerset","5 May 2018","At Strode College Sports Centre, dogs are not allowed","South West England","/wiki/Street,_Somerset","",""
"456","Swindon Parkrun","Swindon, Wiltshire","6 Mar 2010","In the grounds of Lydiard Park starting at the Forest Cafe.","South West England","/wiki/Swindon","",""
"457","Tamar Lakes Parkrun","Kilkhampton, Cornwall","11 Oct 2014","A single lap of Upper Tamar Lake on tarmac and cinder paths","South West England","/wiki/Kilkhampton","",""
"458","Tamar Trails Parkrun","Gulworthy, Devon","29 Oct 2016","At Tamar Trails starting at the visitor centre","South West England","/wiki/Gulworthy","",""
"459","Tewkesbury Parkrun","Tewkesbury, Glos","4 Jul 2015","At the Vineyards entirely on grass","South West England","/wiki/Tewkesbury","",""
"460","Thornbury Parkrun","Thornbury, Glos","18 Nov 2017","At Mundy Playing Fields mostly on grass","South West England","/wiki/Thornbury,_Gloucestershire","",""
"461","Torbay Velopark	Parkrun","Paignton, Devon","31 Dec 2016","Starts on Torbay Velopark and onto the grounds of Clennon Field","South West England","/wiki/Paignton","",""
"462","Trelissick Parkrun","Feock, Cornwall","3 Dec 2016","At The National trust's Trelissick Garden","South West England","/wiki/Feock,_Cornwall","",""
"463","Upton House Parkrun","Poole, Dorset","3 Jun 2017","At Upton House in the grounds of the estate","South West England","/wiki/Poole","",""
"464","Weymouth Parkrun","Weymouth, Dorset","31 Aug 2013","At Lodmoor Country Park","South West England","/wiki/Weymouth,_Dorset","",""
"465","Woolacombe Parkrun","Woolacombe, Devon","16 Dec 2018","Marine Drive, Woolacombe. Gravel path, grass and beach.","South West England","/wiki/Woolacombe","",""
"466","Wotton Parkrun","Wotton-under-Edge, Glos","22 Oct 2016","At Wotton Community Parc","South West England","/wiki/Wotton-under-Edge","",""
"467","Yeovil Montacute Parkrun","Yeovil, Somerset","7 Sep 2013","In the grounds of The National Trust's Montacute House","South West England","/wiki/Yeovil","",""
"468","Aberdare Parkrun","Aberdare, Rhondda","9 Jun 2018","Three laps of Aberdare Park starting near the bandstand","Wales","/wiki/Aberdare","",""
"469","Aberystwyth Parkrun","Aberystwyth, West Wales","1 Sep 2012","Located in Plascrug Park near the Vale of Rheidol Railway.","Wales","/wiki/Aberystwyth","",""
"470","Barry Island Parkrun","Barry Island, Glamorgan","2 May 2015","On the Promenade passing Barry Island Pleasure Park.","Wales","/wiki/Barry_Island","",""
"471","Bryn Bach	Parkrun","Tredegar, Blaenau Gwent","21 July 2012","A fast, scenic course comprising two laps of the lake at Parc Bryn Bach.","Wales","/wiki/Tredegar","",""
"472","Builth Wells Parkrun","Builth Wells, Powys","2 Mar 2019","Three laps of The Groe","Wales","/wiki/Builth_Wells","",""
"473","Cardiff Parkrun","Cardiff, Glamorgan","16 Feb 2008","In Bute Park, the first parkrun in Wales and second largest in the UK","Wales","/wiki/Cardiff","",""
"474","Colby Parkrun","Amroth, Pembrokeshire","21 Jun 2014","At the National Trusts Colby Woodland Garden.","Wales","/wiki/Amroth,_Pembrokeshire","",""
"475","Conwy Parkrun","Conwy, Conwy County","10 Jan 2015","At the Conwy RSPB reserve and runs along the River Conwy with views of Conwy Castle","Wales","/wiki/Conwy","",""
"476","Cwmbran	Parkrun","Cwmbran, Torfaen","18 Jun 2016","At the Northfields Recreation Ground.","Wales","/wiki/Cwmbran","",""
"477","Dolgellau parkrun","Dolgellau, Gwynedd","13 Feb 2016","Two laps on the Mawddach Trail which is maintained by Snowdonia National Park[109]","Wales","/wiki/Dolgellau","",""
"478","Erddig	Parkrun","Wrexham, Wrexham County","14 May 2016","Starts and finishes outside Erddig Hall, a stately home built in the 1680s","Wales","/wiki/Wrexham","",""
"479","Gnoll Parkrun","Neath, Neath Port Talbot","14 Nov 2015","In Gnoll Estate Country Park with a loop around the ruins of the house.","Wales","/wiki/Neath","",""
"480","Grangemoor parkrun","Cardiff, Glamorgan","31 Oct 2015","Run in Grangemoor Park a Site of Importance for Nature Conservation,","Wales","/wiki/Cardiff","",""
"481","Haverfordwest Parkrun","Haverfordwest, Pembroke","23 Sep 2017","The course is laps of the racecourse starting at the cricket pitch","Wales","/wiki/Haverfordwest","",""
"482","Llanelli Coast Parkrun","Llanelli, Carmarthen","19 Nov 2016","At King George V Playing Fields","Wales","/wiki/Llanelli","",""
"483","Llanerchaeron Parkrun","Aberaeron, Ceredigion","10 Feb 2018","At Llanerchaeron, a grade I listed mansion built in 1795[111] by John Nash","Wales","/wiki/Aberaeron","",""
"484","Llyn Llech Owain parkrun","Gorslas, Carmarthen","23 Mar 2013","At Llyn Llech Owain Country Park, a Site of Special Scientific Interest","Wales","/wiki/Gorslas","",""
"485","Maesteg	Parkrun","Maesteg, Bridgend","22 Jul 2017","In Welfare Park, Heol Ty Gwyn","Wales","/wiki/Maesteg","",""
"486","Merthyr	Parkrun","Merthyr Tydfill, Glamorgan","22 Apr 2017","At Merthyr Tydfill leisure centre","Wales","/wiki/Merthyr_Tydfill","",""
"487","Nant y Pandy Parkrun","Llangefni, Anglesey","25 Aug 2018","An out and back course in Nant y Pandy Nature Reserve between Llangefni and Llyn Cefni","Wales","/wiki/Llangefni","",""
"488","Newborough Forest Parkrun","Newborough, Anglesey","23 Jun 2018","A forest and beach run with views of Llanddwyn Island","Wales","/wiki/Newborough,_Anglesey","",""
"489","Newport Parkrun","Newport, Gwent","23 Jun 2011","Two laps through the grounds of 17th Century Tredegar House","Wales","/wiki/Newport,_Wales","",""
"490","Newtown	Parkrun","Newtown, Powys","7 Oct 2017","At Dolerw Park Bridge","Wales","/wiki/Newtown,_Powys","",""
"491","Penallta parkrun","Caerphilly, South Wales","27 Jun 2015","At the Penallta Country Park created on the former Penallta Colliery","Wales","/wiki/Caerphilly","",""
"492","Penrhyn Parkrun","Bangor, Gwynedd","15 Nov 2015","At Penrhyn Castle, an example of Romanesque Revival architecture.[113]","Wales","/wiki/Bangor,_Gwynedd","",""
"493","Pontypool Parkrun","Pontypool, Torfaen","23 Nov 2013","A relatively flat course run at Pontypool Park","Wales","/wiki/Pontypool","",""
"494","Pontypridd Parkrun","Pontypridd, Glamorgan","12 Oct 2013","In Ynysangharad Park containing Lido Ponty, Wales' only outdoor swimming pool","Wales","/wiki/Pontypridd","",""
"495","Porthcawl Parkrun","Porthcawl, Bridgend","6 Apr 2013","On Porthcawl Seafront","Wales","/wiki/Porthcawl","",""
"496","Riverfront Parkrun","Newport, Gwent","21 Jan 2017","An out and back along the River Usk starting at Riverfront theatre","Wales","/wiki/Newport,_Wales","",""
"497","Rogiet	Parkrun","Rogiet, Monmouth","21 Oct 2017","At Rogiet Countryside Park","Wales","/wiki/Rogiet","",""
"498","Severn Bridge Parkrun","Chepstow Monmouth","11 Aug 2018","An out and back along the Severn Bridge","Wales",NA,"",""
"499","Swansea Bay Parkrun","Swansea, Glamorgan","24 Oct 2014","The course is out and back along Swansea seafront","Wales","/wiki/Swansea","",""
"500","Wepre Parkrun","Deeside, Flintshire","14 May 2016","A trail run with 500 ft of hills in Wepre Park, a country park, also containing Ewloe Castle","Wales","/wiki/Deeside","",""
"501","Arrow Valley Parkrun","Redditch, Worcestershire","14 Jul 2012","The course is at Arrow Valley Country Park used for sailing, fishing and bird watching","West Midlands","/wiki/Redditch","",""
"502","Bedworth Parkrun","Bedworth, Warwickshire","17 Feb 2018","The course is run at Miners Welfare Park, starting near Bedworth United F.C.","West Midlands","/wiki/Bedworth","",""
"503","Brueton Parkrun","Solihull, West Midlands","24 Jul 2010","Run at Malvern & Brueton Park, the Local nature reserve","West Midlands","/wiki/Solihull","",""
"504","Cannock Chase Parkrun","Cannock Chase, Staffordshire","19 Nov 2016","Run in Cannock Chase, an Area of Outstanding Natural Beauty","West Midlands","/wiki/Cannock_Chase","",""
"505","Cannon Hill Parkrun","Birmingham, West Midlands","28 Aug 2010","Run in Cannon Hill Park, the city's most popular parkrun","West Midlands","/wiki/Birmingham","",""
"506","Coventry Parkrun","Coventry, West Midlands","6 Feb 2010","Located at War Memorial Park, built in memory of the people who died fighting in World War I","West Midlands","/wiki/Coventry","",""
"507","Dudley Parkrun","Dudley, West Midlands","7 Jan 2017","The run starts at The Dell athletic stadium taking in Stourbridge Canal","West Midlands","/wiki/Dudley","",""
"508","Evesham Parkrun","Evesham, Worcestershire","21 Mar 2015","The course is run entirely along the banks of the River Avon starts and finishes at Hampton Ferry","West Midlands","/wiki/Evesham","",""
"509","Hanley Parkrun","Stoke-on-Trent, Staffordshire","24 Sep 2011","Takes place in Hanley Park","West Midlands","/wiki/Stoke-on-Trent","",""
"510","Hereford Parkrun","Hereford, Herefordshire","11 Oct 2014","The course is two laps of Hereford Racecourse","West Midlands","/wiki/Hereford","",""
"511","Isabel trail Parkrun","Stafford, Staffordshire","08 Dec 2018","Starts at the old Isabel trail, Doxey Road","West Midlands","/wiki/Stafford","",""
"512","Kingsbury Water Parkrun","Sutton Coldfield, West Midlands","20 Jul 2013","Run in Kingsbury Water Park, with 15 lakes catering for cyclists, watersports and wildlife","West Midlands","/wiki/Sutton_Coldfield","",""
"513","Leamington Parkrun","Leamington Spa, Warwickshire","23 Apr 2011","The course is run in Newbold Comyn skirting the golf course","West Midlands","/wiki/Leamington_Spa","",""
"514","Ludlow Parkrun","Ludlow, Shropshire","13 Feb 2016","Located in scenic and undulating Mortimer Forest","West Midlands","/wiki/Ludlow","",""
"515","Perry Hall Parkrun","Birmingham, West Midlands","22 Nov 2014","Run in Perry Hall Park, starting at the moat of the now demolished Perry Hall","West Midlands","/wiki/Birmingham","",""
"516","Rugby Parkrun","Rugby, Warwickshire","10 Dec 2016","The course is run at Whinfield Recreation Ground, also home to Rugby F.C.","West Midlands","/wiki/Rugby,_Warwickshire","",""
"517","Sandwell Valley Parkrun","Sandwell, West Midlands","11 Nov 2017","Located in Sandwell Valley Country Park passing Sandwell Priory and Swan Pool","West Midlands","/wiki/Sandwell","",""
"518","Shrewsbury Parkrun","Shrewsbury, Shropshire","28 Sep 2013","Located at The Quarry and run along a tree lined promenade beside the River Severn[116]","West Midlands","/wiki/Shrewsbury","",""
"519","Stratford-upon-Avon parkrun","Stratford-upon-Avon, Warks","20 Feb 2016","Run along the River Avon","West Midlands","/wiki/Stratford-upon-Avon","",""
"520","Sutton Park Parkrun","Sutton Coldfield, West Midlands","18 Aug 2018","The course starts at Banners Gate and finishes at Longmoor Pool, run on a mixture of trail paths and tarmac","West Midlands","/wiki/Sutton_Coldfield","",""
"521","Telford Parkrun","Telford, Shropshire","16 Feb 2013","The course is run in Telford Town Park, voted Britain's Best Park in 2015[118]","West Midlands","/wiki/Telford","",""
"522","The Wammy Parkrun","Newcastle Under Lyme, Staffs","24 Mar 2018","The course is run along the Silverdale track starting at The Wammy, a park","West Midlands","/wiki/Newcastle_Under_Lyme","",""
"523","Walsall Arboretum parkrun","Walsall, West Midlands","10 Mar 2012","The course is at Walsall Arboretum taking in Hatherton Lake","West Midlands","/wiki/Walsall","",""
"524","Wolverhampton Parkrun","Wolverhampton, West Midlands","2 Feb 2013","Run in West Park, opened in 1881 and listed in 1986","West Midlands","/wiki/Wolverhampton","",""
"525","Worcester Parkrun","Worcester, Worcestershire","18 Jun 2011","The run is in Worcester Woods Country Park","West Midlands","/wiki/Worcester","",""
"526","Worcester Pitchcroft parkrun","Worcester, Worcestershire","10 Jun 2017","The course is two laps of Worcester Racecourse","West Midlands","/wiki/Worcester","",""
"527","Wyre Forest Parkrun","Bewdley, Worcestershire","29 Aug 2015","A trail run through Wyre Forest","West Midlands","/wiki/Bewdley","",""
"528","Armley parkrun","Armley, West Yorkshire","30 Jun 2018","The course is three lap course in Armley Park","Yorkshire and the Humber","/wiki/Armley_Park","",""
"529","Barnsley Parkrun","Barnsley, South Yorkshire","22 Jan 2011","The course is run in Locke Park, opened in 1861 in memory of railway pioneer Joseph Locke","Yorkshire and the Humber","/wiki/Barnsley","",""
"530","Bradford Parkrun","Bradford, West Yorkshire","17 Apr 2010","Run in Lister Park, also containing Cartwright Hall, a civic art gallery","Yorkshire and the Humber","/wiki/Bradford","",""
"531","Bramley Parkrun","Leeds, West Yorkshire","13 Jun 2015","Located in Bramley Park","Yorkshire and the Humber","/wiki/Leeds","",""
"532","Brighouse Parkrun","Brighouse, West Yorkshire","03 Sep 2016","The run is three laps in Wellholme Park","Yorkshire and the Humber","/wiki/Brighouse","",""
"533","Catterick Parkrun","Catterick, North Yorkshire","17 Jun 2017","Three laps of Catterick Racecourse, not on horse racing days","Yorkshire and the Humber","/wiki/Catterick,_North_Yorkshire","",""
"534","Cleethorpes Parkrun","Cleethorpes, Lincolnshire","24 May 2014","The course is two laps of the lake at Cleethorpes Country Park","Yorkshire and the Humber","/wiki/Cleethorpes","",""
"535","Cliffe Castle Parkrun","Keighley, West Yorkshire","15 Sep 2018","The course is 3 and a half laps of Cliffe Castle Park, to the north of Keighley Town Centre","Yorkshire and the Humber","/wiki/Keighley","",""
"536","Concord Parkrun","Sheffield, South Yorkshire","19 Mar 2011","The course is located at Concord Park","Yorkshire and the Humber","/wiki/Sheffield","",""
"537","Cross Flatts Parkrun","Leeds, West Yorkshire","30 Apr 2013","The run is in Cross Flatts Park starting near the Watsonian pavilion","Yorkshire and the Humber","/wiki/Leeds","",""
"538","Dalby Forest Parkrun","Pickering, North Yorkshire","19 Mar 2016","Run in Dalby Forest inside the North York Moors National Park","Yorkshire and the Humber","/wiki/Pickering,_North_Yorkshire","",""
"539","Dewsbury Parkrun","Dewsbury, West Yorkshire","23 Jun 2012","The run is in Crow Nest Park entirely on tarmac paths","Yorkshire and the Humber","/wiki/Dewsbury","",""
"540","Doncaster Parkrun","Doncaster, South Yorkshire","28 Sep 2013","Run in Sandall Park","Yorkshire and the Humber","/wiki/Doncaster","",""
"541","Fountains Abbey Parkrun","Ripon, West Yorkshire","01 Mar 2014","The course is at Fountains Abbey, a World Heritage site[120]","Yorkshire and the Humber","/wiki/Ripon","",""
"542","Goole Parkrun","Goole, East Yorkshire","30 May 2015","At West Park West","Yorkshire and the Humber","/wiki/Goole","",""
"543","Graves Parkrun","Sheffield, South Yorkshire","14 Apr 2012","The course is in Graves Park and runs past a petting zoo","Yorkshire and the Humber","/wiki/Sheffield","",""
"544","Halifax	Parkrun","Halifax, West Yorkshire","07 Mar 2015","The course is in Shroggs Park","Yorkshire and the Humber","/wiki/Halifax,_West_Yorkshire","",""
"545","Harrogate Parkrun","Harrogate, West Yorkshire","21 Jan 2012","The course is on a park called The Stray","Yorkshire and the Humber","/wiki/Harrogate","",""
"546","Heslington Parkrun","York, West Yorkshire","13 Jan 2018","The run starts at York Sports Village and skirts the Eastern campus of York University","Yorkshire and the Humber","/wiki/York","",""
"547","Hillsborough Parkrun","Sheffield, South Yorkshire","02 Feb 2013","Run in Hillsborough Park containing Hillsborough Hall and Hillsborough Stadium","Yorkshire and the Humber","/wiki/Sheffield","",""
"548","Horton Park Parkrun","Bradford, West Yorkshire","30 May 2015","The run is 3 and a half laps of the park on wide tarmac paths","Yorkshire and the Humber","/wiki/Bradford","",""
"549","Huddersfield Parkrun","Huddersfield, West Yorkshire","02 Apr 2011","The course is two laps of Greenhead Park","Yorkshire and the Humber","/wiki/Huddersfield","",""
"550","Hull Parkrun","Hull, East Yorkshire","03 Apr 2010","Run in East Park, Hull's largest park, opened in 1887 for the Golden Jubilee of Queen Victoria","Yorkshire and the Humber","/wiki/Kingston_upon_Hull","",""
"551","Humber Bridge Parkrun","Hull, East Yorkshire","07 Jun 2014","Located at Humber Bridge Country Park with views of Humber Bridge","Yorkshire and the Humber","/wiki/Kingston_upon_Hull","",""
"552","Middleton Woods Parkrun","Leeds, West Yorkshire","28 Apr 2018","Two laps of Middleton Park starting at the cafe","Yorkshire and the Humber","/wiki/Leeds","",""
"553","Mytle Parkrun","Bingley, West Yorkshire","3 Nov 2018","A four lap clockwise course around Myrtle Park using hard paths and short grass sections. Starting and finishing by the bandstand.","Yorkshire and the Humber","/wiki/Bingley","",""
"554","New Earswick Parkrun","York, West Yorkshire","21 Apr 2018","At New Earswick Sports Club mostly on grass","Yorkshire and the Humber","/wiki/York","",""
"555","Normanby Hall Parkrun","Scunthorpe, Lincolnshire","04 Nov 2017","Located at Normanby Hall Country Park, which also hosts Go Ape","Yorkshire and the Humber","/wiki/Scunthorpe","",""
"556","Northallerton Parkrun","Northallerton, North Yorkshire","01 Aug 2015","Run on playing fields at Northallerton Leisure Centre and Hambleton District Council's offices","Yorkshire and the Humber","/wiki/Northallerton","",""
"557","Nostell Parkrun","Wakefield, West Yorkshire","26 Jul 2014","Run in the grounds of the National Trust's 18th-century Nostell Priory[121]","Yorkshire and the Humber","/wiki/Wakefield","",""
"558","Oakwell Hall Parkrun","Birstall, West Yorkshire","19 Jul 2014","The course is at Oakwell Hall an Elizabethan manor house immortalised in literature as Fieldhead by Charlotte Brontë","Yorkshire and the Humber","/wiki/Birstall,_West_Yorkshire","",""
"559","Peter Pan Parkrun","Hull, East Yorkshire","13 Apr 2013","At Peter Pan Park near Costello Stadium","Yorkshire and the Humber","/wiki/Kingston_upon_Hull","",""
"560","Pontefract Parkrun","Pontefract, West Yorkshire","07 May 2011","The course is run at Pontefract Racecourse, not on horse racing days","Yorkshire and the Humber","/wiki/Pontefract","",""
"561","Potternewton Parkrun","Leeds, West Yorkshire","17 Nov 2018","The course is three laps of Potternewton Park","Yorkshire and the Humber","/wiki/Leeds","",""
"562","Rother Valley Parkrun","Rotherham, South Yorkshire","11 May 2013","Run in Rother Valley Country Park, a former quarry flooded to create four lakes used for recreational activities","Yorkshire and the Humber","/wiki/Rotherham","",""
"563","Rotherham Parkrun","Rotherham, South Yorkshire","20 Apr 2013","The course is in Clifton Park near the museum","Yorkshire and the Humber","/wiki/Rotherham","",""
"564","Rothwell Parkrun","Rothwell, West Yorkshire","29 Jul 2017","The run is in Springhead Park on tarmac and grass","Yorkshire and the Humber","/wiki/Rothwell,_Lincolnshire","",""
"565","Roundhay Parkrun","Leeds, West Yorkshire","23 Apr 2011","The run is in Roundhay Park, one of the biggest and most visited city parks in Europe.[122]","Yorkshire and the Humber","/wiki/Leeds","",""
"566","Scunthorpe Parkrun","Scunthorpe, Lincolnshire","23 Feb 2013","The course is in Central Park near to The Pods leisure centre","Yorkshire and the Humber","/wiki/Scunthorpe","",""
"567","Selby Parkrun","Selby, North Yorkshire","16 Dec 2017","The course is an out-and-back route around one half of Burn Airfield","Yorkshire and the Humber","/wiki/Selby","",""
"568","Sewerby	Parkrun","Bridlington, East Yorkshire","05 Nov 2011","The run takes place at Sewerby Hall, a Grade I listed Georgian House with a dramatic clifftop location[123]","Yorkshire and the Humber","/wiki/Bridlington","",""
"569","Sheffield Castle Parkrun","Sheffield, South Yorkshire","03 Aug 2013","Run in Manor Fields Park (there is no castle)","Yorkshire and the Humber","/wiki/Sheffield","",""
"570","Sheffield Hallam Parkrun","Sheffield, South Yorkshire","10 Jul 2010","The course is two laps of Endcliffe Park","Yorkshire and the Humber","/wiki/Sheffield","",""
"571","Skipton Parkrun","Skipton, North Yorkshire","07 Sep 2013","The run is in Aireville Park","Yorkshire and the Humber","/wiki/Skipton","",""
"572","Temple Newsam Parkrun","Leeds, West Yorkshire","02 Feb 2013","Located at Temple Newsam, a Tudor-Jacobean mansion set within 1,500 acres of parkland[124]","Yorkshire and the Humber","/wiki/Leeds","",""
"573","Wakefield Thornes parkrun","Wakefield, West Yorkshire","20 Sep 2014","At Clarence, Holmfield and Thornes Parks starting at Wakefield College Campus","Yorkshire and the Humber","/wiki/Wakefield","",""
"574","Wetherby Parkrun","Wetherby, West Yorkshire","21 Mar 2015","Three laps at Wetherby Sports Association entirely on grass","Yorkshire and the Humber","/wiki/Wetherby","",""
"575","Woodhouse Moor Parkrun","Leeds, West Yorkshire","06 Oct 2007","The course is at Woodhouse Moor starting by the statue of The Duke of Wellington. Formerly known as Leeds parkrun.","Yorkshire and the Humber","/wiki/Leeds","",""
"576","York Parkrun","York, North Yorkshire","14 Jan 2012","One and a half laps of York Racecourse, not on horse racing days","Yorkshire and the Humber","/wiki/York","",""
